id,firstName,lastName,email,contact,jobTitle
6513,Michele,Larkin,Scotty.Kuhn65@hotmail.com,(124) 344-9366,Lead Operations Engineer
9587,Sylvia,Bartell,Haylie_Cruickshank62@gmail.com,(587) 005-3316 x7032,Human Mobility Developer
5118,Maverick,Huels,Raheem_Cole@yahoo.com,769-042-9307 x44855,Corporate Identity Assistant
8361,Pearline,Reynolds,Elenora.Veum72@yahoo.com,1-887-536-6317,Legacy Division Assistant
2487,Camden,Pagac,Fredrick62@gmail.com,014.676.5956 x90621,Product Assurance Engineer
8554,Mario,VonRueden,Oswaldo73@gmail.com,1-845-590-6534,Direct Metrics Executive
4984,Mathias,Corkery,Selmer.Harris@hotmail.com,731-667-2741 x667,Central Infrastructure Supervisor
1321,Jamil,Bosco,Kacie63@hotmail.com,219.718.1054 x94810,District Division Consultant
1974,Lizeth,Thiel,Frieda38@yahoo.com,520.483.6836,Central Marketing Representative
258,Garth,Gutkowski,Golden.Will@yahoo.com,(825) 743-5673,Legacy Response Officer
125,Alivia,Maggio,Spencer.Simonis26@gmail.com,493-484-7276 x2732,Investor Solutions Analyst
4915,Johnson,Jakubowski,Shanelle37@yahoo.com,607.893.3969,Global Configuration Administrator
6166,Shanna,D'Amore,Webster88@hotmail.com,116.976.5458 x74817,Dynamic Security Producer
5089,Antonina,Heaney,Clarabelle.Kozey91@hotmail.com,747-074-1497 x00328,International Branding Producer
2706,Waldo,Bechtelar,Cecile_Ratke@gmail.com,815-147-8209,Regional Metrics Orchestrator
8556,Margaretta,Rippin,Maya.Conn3@yahoo.com,607.138.4286,Forward Research Coordinator
9928,Keenan,Klein,Bud90@yahoo.com,(962) 950-4430,Central Quality Officer
9437,Eden,Paucek,Reanna_Kerluke9@hotmail.com,(433) 902-3525 x4042,Internal Accounts Assistant
2084,Lorenza,Farrell,Abbey87@gmail.com,821.875.3142 x62798,Central Integration Designer
2364,Annalise,Spinka,Sadye_Miller@yahoo.com,964.927.5620 x310,Lead Accounts Assistant
6689,Clotilde,Goldner,Sadye98@hotmail.com,196-405-3941 x717,Product Accounts Agent
4480,Jordane,Jast,Verla_Jacobs@gmail.com,334.876.3697 x9418,National Research Analyst
8596,Zachery,Davis,Mafalda_Kub@yahoo.com,(576) 081-0535 x09600,Dynamic Division Representative
1571,Eda,Luettgen,Gunnar31@yahoo.com,151-979-0902 x68915,National Configuration Architect
6185,Benton,Sporer,Josefina27@hotmail.com,1-379-081-3831 x0314,National Operations Producer
9496,Candido,Shields,Opal_Gaylord38@hotmail.com,(970) 048-2690,National Solutions Facilitator
6521,Brock,Witting,Samara_Kuhn@yahoo.com,(747) 262-4686,Legacy Implementation Technician
3019,Dameon,Cummerata,Dovie.Koss@gmail.com,606-894-0725 x424,Chief Tactics Planner
9192,Abner,Emard,Filomena_Ondricka98@yahoo.com,767.141.0198 x56004,Investor Division Technician
3361,Isabell,Hansen,Collin53@hotmail.com,1-392-309-6547 x2901,Direct Functionality Director
60,Alek,Dooley,Jaron.Carroll@gmail.com,686-917-3075 x6684,Legacy Branding Assistant
7953,Mose,Hodkiewicz,Cruz_Daniel8@yahoo.com,1-599-468-8439,Internal Group Administrator
9538,Michael,Lindgren,Avis.Breitenberg@gmail.com,978.024.8065 x466,Human Accountability Coordinator
7182,Corbin,Lehner,Pat_Schamberger94@yahoo.com,290.088.6948,Senior Branding Representative
4091,Linnea,Gutmann,Amari_Hartmann@hotmail.com,1-340-090-9893 x9403,Senior Factors Engineer
3468,Jordon,Ortiz,Bartholome55@gmail.com,503.255.2510,Customer Response Architect
1288,Zita,Rosenbaum,Ryley.Pacocha92@hotmail.com,772.901.5680,Internal Infrastructure Assistant
5684,Cody,Von,Rey_Kautzer25@yahoo.com,087.622.2695,Central Communications Technician
6441,Jaylin,Rice,Keyshawn_Barton@hotmail.com,374.097.6753 x700,Senior Mobility Supervisor
3186,Annetta,Goyette,Rosina.Roberts@gmail.com,(767) 059-5837 x2618,Regional Group Developer
745,Bulah,Carroll,Irma.Stark16@yahoo.com,(966) 440-8569 x89769,Corporate Web Specialist
8856,Kari,Kiehn,Aracely48@hotmail.com,(398) 266-6173 x199,Legacy Paradigm Director
9644,Kevon,Runolfsdottir,Ethyl2@gmail.com,1-611-095-1831 x929,Dynamic Assurance Associate
7290,Afton,Lueilwitz,Micheal.Marks40@gmail.com,450.725.4511 x87704,Regional Quality Engineer
5037,Monserrat,Yost,Millie12@yahoo.com,388.385.3862 x7708,Dynamic Response Assistant
619,Derek,Feest,Toby_Berge@hotmail.com,1-898-386-9915,Forward Applications Manager
3195,Lourdes,Strosin,Ben.Ward@hotmail.com,1-497-425-7786 x52081,Forward Web Orchestrator
9473,Briana,McDermott,Billie.Connelly@gmail.com,1-578-646-5260 x3241,Principal Operations Manager
9081,Cleta,West,Hollie_Dibbert61@hotmail.com,798.791.1285 x9459,Future Accountability Specialist
1630,Lucius,Leffler,Patrick_Hane@yahoo.com,496.752.1518 x50204,District Branding Engineer
1493,Chance,Mertz,Alexandrea_Morissette@yahoo.com,(189) 767-0193,Direct Interactions Planner
2909,Ryley,Mosciski,Dominic88@gmail.com,1-231-387-4053 x1048,Regional Intranet Liaison
4690,Elton,Predovic,Vergie39@gmail.com,733-317-7391,Investor Integration Facilitator
7100,Hortense,Boyle,Loy_Moen@gmail.com,823.850.3698,Chief Functionality Officer
8030,Terry,Cormier,Maegan_Greenholt@gmail.com,1-561-860-7334 x831,Human Implementation Technician
8677,Darien,Lang,Germaine_Glover97@yahoo.com,123.212.0849 x8034,Dynamic Integration Liaison
839,Arvid,Weimann,Euna.Hartmann@yahoo.com,425.131.3258,Global Infrastructure Engineer
1053,Eulah,Kshlerin,Kadin.Pagac80@hotmail.com,468-494-2860 x2468,Dynamic Division Director
9638,Ezequiel,Lang,Arch.Reichert@yahoo.com,784-167-5906 x8873,Human Markets Manager
3238,Sandra,Stehr,Vincent52@hotmail.com,487.340.6046,Direct Research Developer
451,Josie,Berge,Marlin.Luettgen54@yahoo.com,1-458-359-1327 x16078,Chief Brand Strategist
9219,Eda,Mann,Demario_Schulist@gmail.com,828-109-1205 x32721,Senior Tactics Developer
5017,Isom,Stroman,Kamron.Douglas13@gmail.com,667-602-0103 x1392,Product Security Agent
301,Berta,Shields,Price_Wyman88@hotmail.com,(816) 371-3389 x0608,Future Usability Architect
3236,Rhoda,O'Connell,Edmund_Konopelski7@yahoo.com,899-525-5922 x2775,Principal Operations Representative
8272,Reymundo,Funk,Corene.Schmidt@gmail.com,1-098-219-1412,Internal Implementation Consultant
7801,Lucious,Schroeder,Elenora.Reilly69@gmail.com,605.339.9802,Dynamic Mobility Supervisor
3172,Kyle,Hartmann,Dayne15@yahoo.com,1-550-869-1442,Chief Security Coordinator
879,Destin,Wintheiser,Kenyon.Hammes@hotmail.com,1-193-023-7181 x045,Principal Branding Engineer
1780,Lurline,Weissnat,Christophe_Howe@yahoo.com,436-230-3580,Senior Assurance Specialist
1782,Yasmeen,Hermann,Velma.Wintheiser59@hotmail.com,137-341-2912,Chief Marketing Officer
9622,Sterling,Howe,Rebeca.Glover50@yahoo.com,(661) 953-9799,Lead Functionality Analyst
1338,Dangelo,Glover,Shanel.Braun@hotmail.com,(259) 908-1234 x2251,International Tactics Executive
4499,Bernita,Hane,Chelsea.Leannon@hotmail.com,1-527-124-5794 x189,Corporate Functionality Liaison
5062,Muriel,Wintheiser,Kaden.Cormier@gmail.com,236-308-4399 x4303,District Optimization Architect
3650,Macey,Gutmann,Cedrick.Hansen19@hotmail.com,1-528-706-9360,District Marketing Strategist
6511,Emmalee,Sanford,Kristian15@gmail.com,1-925-654-5543,Future Creative Representative
4882,Mabel,Beer,Vena_Braun57@yahoo.com,1-403-833-6914 x7657,Regional Optimization Manager
4621,Myrna,Marks,Hermann_Treutel99@hotmail.com,351-205-4392,Internal Accountability Associate
2342,Jamaal,Gorczany,Reva.Yundt@hotmail.com,406-176-0990,Corporate Communications Developer
291,Ursula,Langworth,Philip_Stroman@gmail.com,(268) 215-0240 x06760,Direct Creative Coordinator
8759,Candelario,West,Orie73@gmail.com,670.863.9097 x8351,Customer Markets Supervisor
6657,Laila,Ritchie,Amya_Koch@hotmail.com,893.492.4939 x88933,Internal Implementation Designer
6216,Barton,Stoltenberg,Austin_Conroy52@yahoo.com,1-330-928-2835,Senior Security Strategist
4956,Melyssa,Bartell,Melyssa.Hermiston17@hotmail.com,978.151.2961 x6534,Corporate Data Planner
2240,Rebekah,Hilpert,Ahmad_Botsford40@yahoo.com,(732) 197-4289 x1977,Forward Creative Producer
7589,Cesar,Jenkins,Casandra63@gmail.com,512-165-2810 x003,Global Operations Developer
3985,Ernest,Bartell,Clementina_Weissnat88@yahoo.com,(875) 165-2559 x6562,Customer Configuration Director
2399,Sofia,Orn,Florencio.Kulas@yahoo.com,(401) 330-5575 x71349,District Group Analyst
5210,Cletus,DuBuque,Landen.OConnell@gmail.com,450.160.4487 x711,Future Assurance Manager
1242,Ludie,Bednar,Joesph.Pagac@yahoo.com,(933) 882-1800,Forward Configuration Executive
1753,Chance,Orn,Mabel51@yahoo.com,1-110-964-5673 x8956,Regional Accounts Representative
6598,Katrina,Connelly,Jeff_Reichert96@yahoo.com,1-787-486-7431 x78340,Global Response Liaison
6785,Marcelina,Crooks,Obie.Crist57@yahoo.com,081.724.1246,Chief Response Officer
9689,Roel,Block,Bennett28@hotmail.com,369.737.4641 x96880,Global Accountability Facilitator
5893,Keely,Bayer,Martine.Herman89@gmail.com,983.542.2152,Future Factors Coordinator
2701,Nicolas,Nolan,Elvis.Ward15@hotmail.com,1-642-185-4168,Global Applications Agent
8437,Lizeth,Bechtelar,Renee.VonRueden@gmail.com,695-867-6555 x8512,Human Group Consultant
5956,Baby,Wintheiser,Norma.Hansen53@hotmail.com,316-318-2945,Internal Paradigm Director
3767,Yazmin,Howell,Graham_Bosco86@gmail.com,029-712-6538,Investor Security Designer
6742,Jamaal,Hagenes,Taurean_Osinski15@yahoo.com,961.292.1247 x5664,Customer Group Director
3604,Jordane,Douglas,Cruz.Stokes@gmail.com,891.662.9605 x7789,Customer Factors Developer
1074,Dorian,Thiel,Margarette27@gmail.com,(755) 009-1824,Human Configuration Director
6286,Adan,Bashirian,Caitlyn_Douglas79@yahoo.com,535.454.2464,Internal Configuration Representative
359,Lance,Durgan,Paxton43@gmail.com,(419) 808-5391 x15913,International Integration Agent
1609,Danielle,Gaylord,Daisha.Roob@hotmail.com,045.806.8311 x235,Regional Tactics Strategist
942,Paxton,Wehner,Ezra.White@gmail.com,1-267-458-7832 x949,District Integration Developer
7547,Parker,Gibson,Joesph.Lubowitz47@yahoo.com,(515) 680-4850 x5886,International Configuration Supervisor
1679,Derrick,Cole,Vada_Bartoletti35@yahoo.com,876.397.8021 x994,Investor Division Analyst
5524,Odie,Gislason,Dell4@yahoo.com,103-212-1130 x780,Global Security Officer
4544,Norene,Lemke,Evangeline13@yahoo.com,242.139.9538 x6293,Forward Creative Strategist
4592,Katrine,Johnson,David_Reinger39@yahoo.com,1-192-245-5373 x99301,Internal Accounts Planner
4023,Eloisa,Lowe,Nolan.Auer59@gmail.com,393-693-5068,Corporate Optimization Associate
3478,Mitchel,Brown,Tyler99@hotmail.com,480.299.2386 x7240,National Factors Engineer
1249,Kyle,Hettinger,Joel_Schroeder@hotmail.com,(051) 390-6621 x218,Future Functionality Officer
2533,Natasha,Beatty,Alysha49@gmail.com,337.496.5435,International Quality Assistant
2696,Geovanny,Considine,Ally.Daugherty35@yahoo.com,277.200.1269 x46779,Internal Intranet Executive
1607,Isidro,Howell,Orion_Carroll22@yahoo.com,(734) 399-3666,Lead Implementation Orchestrator
2860,Jonas,Frami,Orrin18@hotmail.com,(920) 663-2587 x057,Regional Functionality Producer
6751,Marcelino,Gutkowski,Claudia76@hotmail.com,1-817-600-0116 x711,Central Interactions Associate
9757,Francis,Dare,Ima.Stroman61@yahoo.com,1-636-565-4977 x605,Corporate Research Architect
1947,Larissa,Treutel,Ronny_Grady@gmail.com,081.796.0070,Future Applications Orchestrator
3398,Eldred,Swift,Waylon74@yahoo.com,800.548.1549 x03609,Customer Tactics Planner
9438,Chandler,Wisozk,Sibyl58@hotmail.com,(207) 556-5070 x847,Internal Response Architect
8109,Bennett,Little,Dan_Stracke@hotmail.com,029-019-1909 x53701,Principal Integration Assistant
6372,Lonnie,Koelpin,Liliane31@yahoo.com,(328) 385-3539,Internal Brand Facilitator
2618,Ernestina,Zemlak,Sammy86@yahoo.com,1-980-470-5691 x331,Customer Research Officer
3062,Alessandro,Bergstrom,Margarita84@gmail.com,(241) 109-2513 x07906,Global Interactions Designer
6578,Georgiana,Collier,Lucinda_Towne@hotmail.com,647-443-2556 x399,Future Operations Technician
3144,Johnathan,Crona,Adriana39@gmail.com,1-375-679-1684,Product Marketing Director
772,Jasmin,Hauck,Una.Rath@hotmail.com,1-165-044-2526 x70969,Regional Integration Facilitator
6946,Chaz,Miller,Joey27@gmail.com,919.974.5180 x28392,Investor Accounts Representative
7008,Chadrick,Satterfield,Kylie.Larson@yahoo.com,533.020.4767 x96885,Investor Infrastructure Director
5765,Meagan,Spinka,Brent_Mertz@yahoo.com,(888) 815-0037 x989,Internal Markets Technician
8521,Reece,Ondricka,Greta_Dickinson@yahoo.com,322-468-0816,Direct Identity Director
3397,Brando,Reichel,Haleigh_Rosenbaum@hotmail.com,222-983-1320 x6726,Product Markets Agent
2898,Lue,Blanda,Margot_Altenwerth@hotmail.com,542.025.6285,International Research Developer
904,Tierra,Goyette,Enrico.Ratke@gmail.com,991.365.8872 x8123,Direct Security Technician
3104,Karine,Ullrich,Marina_Emmerich@hotmail.com,1-453-906-8395 x114,Corporate Group Director
9667,Fabian,Stroman,Clark_Herzog42@hotmail.com,330-297-1836,Regional Research Representative
4660,Brando,Stoltenberg,Johnathon99@yahoo.com,1-524-960-2514 x055,Customer Creative Specialist
8608,Karlie,Pagac,Davonte_Erdman@hotmail.com,715.869.6819,Senior Applications Consultant
4844,Lilla,Sawayn,Cedrick_Rolfson27@gmail.com,1-634-878-0895,Chief Program Engineer
6774,Shaun,Reichert,Dusty69@gmail.com,1-413-647-6003 x3580,Direct Tactics Representative
8601,Royce,Pagac,Mittie.Bruen62@hotmail.com,1-284-107-1176 x81563,District Creative Representative
5095,Mylene,Nikolaus,Taurean.Ziemann@yahoo.com,1-684-614-9816,Regional Configuration Developer
8513,Beatrice,Kilback,Burley_Runolfsdottir81@yahoo.com,163-933-9153 x39222,Lead Optimization Consultant
5316,Gertrude,Nolan,Kasandra.Turcotte82@hotmail.com,534-475-7753,Product Accounts Facilitator
1519,Gilbert,Ward,Mohammad.Baumbach54@gmail.com,550-815-8484,Corporate Usability Associate
9054,Alison,Mayer,Edgardo.Dickinson@yahoo.com,(478) 248-6014,Dynamic Assurance Director
9183,Adan,Quigley,Federico.Kautzer79@hotmail.com,(343) 411-5401,Future Configuration Officer
1035,Jamal,O'Conner,Mafalda_Spinka18@gmail.com,(068) 931-4488,Senior Accounts Director
1527,Ernestina,Carter,Elva_Gleichner29@hotmail.com,807-813-5525,Legacy Applications Executive
5203,Casimer,Wisoky,Alexie.Stracke@gmail.com,(198) 394-5159,Direct Directives Assistant
7623,Deion,Stamm,Maddison37@hotmail.com,407-509-2782,Chief Usability Liaison
966,Hailey,Prosacco,Gordon.Rolfson76@gmail.com,(295) 653-2146,Regional Solutions Liaison
7471,Michael,Green,Diego.Rice2@hotmail.com,844-058-5429,Investor Intranet Supervisor
5740,Loyce,Bergstrom,Maddison.Lemke50@gmail.com,714-159-8269 x6153,Future Accountability Administrator
5866,Adolphus,Morar,Morton_Hartmann@hotmail.com,867-635-3373,Lead Quality Technician
2664,Jonathon,Beahan,Roberta_Gerhold70@hotmail.com,(916) 534-9361 x06757,Product Optimization Producer
7624,Angel,Nolan,Selina_Kovacek4@gmail.com,1-467-107-6454,Forward Program Administrator
4109,Erin,Harvey,Annetta_Sauer@hotmail.com,000-638-8068,Global Configuration Strategist
2968,Luciano,Koss,Hailee91@gmail.com,510.160.2582 x91518,Global Program Developer
6601,Kennith,Boehm,Duane11@gmail.com,(993) 397-2750 x2868,Lead Directives Planner
7306,Jaclyn,Bernhard,Laurence.Lowe@hotmail.com,(570) 946-0163 x3471,Chief Implementation Liaison
8975,Bessie,Goldner,Florida.Balistreri46@gmail.com,1-171-181-0662 x331,Legacy Directives Assistant
1748,Dalton,Labadie,Theodore.Willms@yahoo.com,(947) 039-3783 x6121,National Tactics Agent
5596,Elyse,Daniel,Heath_Zieme85@hotmail.com,1-122-208-0113,Dynamic Usability Architect
5066,Kade,Bosco,Wilmer.Will49@yahoo.com,(907) 185-2756 x3019,Senior Creative Executive
1907,Maddison,Dibbert,Otto.Jacobs@yahoo.com,936.335.9878 x131,Corporate Paradigm Consultant
3781,Jacinthe,Christiansen,Nova.Bashirian28@yahoo.com,606.901.0619,Central Branding Director
6826,Colt,Strosin,Mae.Hammes76@hotmail.com,372-092-8390,Legacy Program Liaison
9165,Garret,Hermann,Tianna_Vandervort@hotmail.com,1-617-365-9817 x035,Customer Web Assistant
2745,Jonas,Lebsack,Laila.Pollich36@hotmail.com,(348) 468-9703 x0229,Direct Communications Executive
6135,Monserrate,Orn,Janessa.Russel@yahoo.com,1-629-996-2887 x44749,Direct Implementation Strategist
2558,Domenic,Abernathy,Crystel_Swaniawski76@yahoo.com,686.962.3909,Dynamic Functionality Producer
9572,Ahmad,Streich,Willy.Skiles@hotmail.com,(374) 295-7967 x61353,Principal Infrastructure Developer
1153,Ashly,Powlowski,Jamil.Stiedemann10@hotmail.com,032-426-7548 x60719,Human Communications Designer
995,Gina,Grimes,Adolph.Hintz43@hotmail.com,490-663-4448 x5805,Lead Security Associate
4696,Magdalena,Kshlerin,Ada_Nicolas47@hotmail.com,1-504-006-8845 x07134,Chief Integration Architect
5440,Donavon,Goodwin,Catalina_Breitenberg70@hotmail.com,(104) 444-2927 x4996,Future Factors Architect
2135,Gust,Franecki,Walker.Kirlin@yahoo.com,621-497-0320 x4887,District Directives Planner
3044,Claudia,Schowalter,Birdie8@hotmail.com,242-945-4613,International Response Designer
4105,Elena,Davis,Kylie.Towne22@yahoo.com,(660) 566-1298 x4211,Lead Optimization Manager
2559,Okey,Lindgren,Orin.Adams@gmail.com,(181) 752-7810,National Integration Specialist
3304,Skylar,Mosciski,Carlee7@hotmail.com,584-139-3628 x54973,Lead Metrics Representative
8152,Diego,Hermann,Nigel.Kuphal43@yahoo.com,1-837-637-8757 x730,Investor Communications Planner
9207,Tamara,Denesik,Mack33@yahoo.com,020-868-9420 x634,National Configuration Liaison
7637,Mateo,Nader,Laurel_Hoppe@hotmail.com,059-487-1677 x0751,Global Usability Producer
2799,Jett,Padberg,Natasha.Aufderhar1@hotmail.com,(293) 311-2206,Chief Communications Producer
2663,Corrine,Gottlieb,Jane_Jast16@gmail.com,643-846-2039 x998,Direct Division Developer
530,Darwin,Towne,Daron55@gmail.com,1-313-450-0091 x32834,Customer Paradigm Liaison
8458,Kareem,Collier,Fidel_Osinski@gmail.com,695.982.8712 x011,Global Accounts Developer
3280,Jamaal,O'Hara,Melisa_Stamm28@yahoo.com,748.039.9131 x83466,Dynamic Division Agent
5780,Jasper,Bins,Leora92@gmail.com,105-664-0699 x67043,Dynamic Infrastructure Engineer
9448,Quinn,Stoltenberg,August_Witting22@yahoo.com,111-452-6838,Global Interactions Strategist
47,Jailyn,Kuhic,Kellie59@yahoo.com,(665) 947-0884,Lead Division Engineer
4075,Geovany,Maggio,Annabelle8@hotmail.com,091-185-8762,Product Assurance Consultant
9651,Timothy,Windler,Sylvester61@yahoo.com,1-442-374-0341 x1123,Legacy Web Orchestrator
5033,Aric,Krajcik,Pearline.Roob@hotmail.com,774-274-4322 x194,Product Integration Agent
6290,Orville,Bogisich,Verlie_Breitenberg@yahoo.com,293.320.8300 x15358,Principal Response Manager
8282,Giovanni,Wintheiser,Robyn_Hudson23@yahoo.com,186.886.5667,Regional Directives Manager
3123,Deja,Hudson,Richard.Lakin24@hotmail.com,1-296-244-8593 x7743,Customer Marketing Representative
8289,Winnifred,Littel,Nichole_DAmore95@hotmail.com,1-296-626-7490 x691,Global Solutions Engineer
4508,Gretchen,Dietrich,Belle_Windler19@yahoo.com,(056) 271-5334 x0145,Product Branding Associate
725,Cale,Treutel,Josefina.Howell33@gmail.com,1-131-115-1924 x93436,Corporate Security Producer
3122,Angelina,Stoltenberg,Arlene44@yahoo.com,016.746.9044,Dynamic Marketing Administrator
6948,Kayley,Zboncak,Catharine_Bins97@hotmail.com,999-833-9722,Customer Metrics Administrator
1080,Meagan,McGlynn,Jacey54@yahoo.com,137.700.2548,Principal Security Director
2911,Estelle,Kilback,Macey.Nienow66@gmail.com,(293) 174-4667,Regional Factors Representative
1779,Cletus,Willms,Clay.Kerluke38@hotmail.com,596.759.8098,Principal Applications Manager
9238,Della,Strosin,Jocelyn.Baumbach81@gmail.com,1-823-665-3947,Forward Markets Officer
2649,Alejandra,Wintheiser,Kirk_Durgan@gmail.com,616-704-0252 x763,Principal Research Facilitator
2532,Elyse,Stamm,Meggie.DAmore95@hotmail.com,1-285-761-7540,Regional Quality Director
3590,Zetta,Medhurst,Leanna40@hotmail.com,1-496-746-9427,Direct Applications Associate
7287,Janelle,Koepp,Mckayla_Jacobson@hotmail.com,345.584.6714,National Division Architect
1637,Viola,Homenick,Sonny.Carter52@gmail.com,917.130.2653 x039,Dynamic Metrics Facilitator
750,Anastacio,Homenick,Ahmad70@yahoo.com,(785) 825-5073 x3068,Senior Creative Strategist
9031,Flavie,Greenholt,Tiara.Abernathy@yahoo.com,524-201-6924 x27737,Senior Implementation Architect
4117,Devan,Okuneva,Myrtice.Adams8@yahoo.com,1-691-611-3855 x878,Customer Security Coordinator
6159,Alphonso,Wintheiser,Immanuel_Lehner30@gmail.com,753.081.2133 x50333,Global Interactions Specialist
1794,Martine,Dickinson,Eliane24@gmail.com,132.631.1347 x491,Corporate Data Specialist
4546,Daryl,Hermann,Derek.Hessel@yahoo.com,824.413.9046 x7141,Human Integration Orchestrator
7725,Cesar,Gottlieb,Daryl90@hotmail.com,1-676-564-4190,Dynamic Factors Representative
504,Ewell,Williamson,Carlie.Ondricka60@hotmail.com,1-121-926-9240 x51188,Global Solutions Consultant
9010,Raven,Mraz,Rollin52@yahoo.com,967.097.4484,Global Web Architect
7215,Jazlyn,Feest,Johnson_VonRueden53@yahoo.com,(075) 316-0478 x00038,Senior Configuration Manager
2260,Augusta,Kulas,Kailyn94@hotmail.com,310-166-4023,Product Accountability Representative
9618,Samson,Lind,Rhoda.Leannon65@hotmail.com,1-044-404-1434,Lead Division Architect
5191,Jacquelyn,Luettgen,Eleonore.Ledner74@yahoo.com,090-818-2465 x101,International Configuration Executive
6058,Conor,Nienow,Ines.Donnelly39@gmail.com,1-592-540-6529,Regional Quality Architect
7805,Elody,Willms,Johnnie_Heller@yahoo.com,822.480.7305 x1976,Chief Interactions Manager
6216,Katlynn,Hagenes,Zoe_Ebert24@yahoo.com,186-115-7526 x558,Product Solutions Technician
9931,Cloyd,Kovacek,Matilda33@gmail.com,1-985-326-9130,Lead Directives Strategist
6011,Cydney,Reynolds,Boyd_Schamberger@gmail.com,(886) 235-6105 x8765,District Data Supervisor
9233,Paolo,Weissnat,Lina.Raynor@yahoo.com,664.168.1702,International Data Technician
853,Keanu,Rodriguez,Murphy92@yahoo.com,1-753-948-9860 x00863,Global Web Analyst
7243,Osbaldo,Nienow,Charlene.Jerde@hotmail.com,879.165.4665,Chief Identity Specialist
8953,Adela,Torp,Tyrese_Predovic56@hotmail.com,046-311-8616 x92242,Regional Factors Administrator
7069,Pinkie,Lakin,Olen24@gmail.com,(778) 680-3906,Dynamic Operations Producer
8668,Gunnar,Homenick,Ronaldo39@hotmail.com,1-163-129-1908 x25535,Future Program Technician
3048,Louisa,Pacocha,Donna_Padberg75@gmail.com,913.519.7186 x675,Future Data Engineer
6417,Savanah,Keebler,Alycia.Lockman@gmail.com,(003) 511-9417 x2314,District Configuration Planner
6049,Conor,Nitzsche,Nellie_Zboncak@yahoo.com,(529) 495-8463,Direct Quality Officer
1430,Abigale,Heller,Allan_Davis95@hotmail.com,1-988-639-7352,International Directives Agent
7765,Hershel,Koepp,Ila51@yahoo.com,873.428.5254,Internal Tactics Agent
1334,Tavares,Harvey,Rhianna54@gmail.com,354.834.3872,National Integration Administrator
2885,Manuela,Lowe,Jamarcus64@hotmail.com,975-286-7867 x32879,Corporate Assurance Technician
6426,Dayton,Borer,Betsy.Gibson@yahoo.com,051.548.3340,Chief Paradigm Facilitator
5776,Moriah,Russel,Mekhi_McGlynn@gmail.com,1-898-261-1622 x73020,District Marketing Facilitator
6017,Herbert,Stokes,Leilani87@hotmail.com,794-224-4216 x34153,Legacy Marketing Assistant
1208,Bailey,Baumbach,Raymundo.Runolfsson35@yahoo.com,908.691.0579,Dynamic Creative Producer
9478,Lorine,Bergstrom,Marion_Batz@hotmail.com,(367) 826-4006 x220,Dynamic Interactions Facilitator
4515,Jamir,Nader,Rebeca.Zulauf@hotmail.com,1-913-296-2381 x6946,Human Web Engineer
7644,Zack,Swaniawski,Manuel_Ward29@gmail.com,1-259-776-1445 x14639,Direct Quality Manager
2334,Mariano,Moore,Estevan.Prohaska@yahoo.com,024.793.7289,Customer Tactics Planner
7545,Hudson,Jacobs,Alysson.Heller@yahoo.com,1-121-284-2401,Future Optimization Strategist
9600,Beaulah,Adams,Hulda_OConner3@yahoo.com,(771) 852-9605,National Intranet Associate
9953,Patience,Mraz,Daphney_Denesik@hotmail.com,1-316-698-9348,Regional Markets Executive
8313,Cary,Herzog,Fausto66@gmail.com,151.254.2611,Legacy Tactics Administrator
8550,Melba,Tromp,Maudie_Bins36@yahoo.com,(298) 891-4067 x598,International Quality Administrator
2339,Santino,Grant,Tatum71@gmail.com,509.502.4883,International Metrics Architect
307,Kenton,Lockman,Coy.Kihn@gmail.com,(288) 498-7713,Future Implementation Producer
6625,Mekhi,Klocko,Porter.Jacobs@gmail.com,1-620-221-8252,District Usability Agent
2801,Chester,Herman,Marcellus.Reinger47@yahoo.com,(598) 159-8248,Chief Accounts Planner
9272,Reina,Erdman,Missouri_Schneider@hotmail.com,577.349.4095 x8152,International Mobility Specialist
7755,Axel,Spinka,Karley.Hayes8@yahoo.com,(299) 452-9395 x02599,Senior Solutions Planner
6096,Alfreda,Bergnaum,Maeve.Kemmer@gmail.com,596.795.4161 x1131,Dynamic Web Executive
5578,Jennings,Grimes,Else_Lueilwitz0@gmail.com,274.402.7775 x7317,National Data Associate
5201,Juliet,Bogisich,Elda.Yundt49@gmail.com,(155) 711-3401,Legacy Metrics Manager
1959,Ibrahim,Metz,Evans25@hotmail.com,1-895-229-4194,Forward Mobility Executive
1324,Piper,Schinner,Lenore.Runte@yahoo.com,328.150.1173,Dynamic Group Supervisor
1239,Javonte,Auer,Laurine.Johnston92@gmail.com,188-462-9878,Dynamic Quality Consultant
2362,Alessia,Weissnat,Cruz59@yahoo.com,929-602-8843 x332,Principal Group Representative
1522,Wilbert,Nienow,Brayan28@yahoo.com,1-097-126-3674 x89174,Future Web Developer
2386,Mazie,White,Berneice77@yahoo.com,1-047-381-7119 x688,Corporate Mobility Officer
2847,Ramon,Crist,Angelica.Gulgowski@hotmail.com,(582) 744-7729,Dynamic Branding Liaison
6994,Dominique,Johnson,Cielo14@hotmail.com,(643) 403-7039 x555,Global Security Specialist
1205,Lee,Beer,Coralie.Upton@gmail.com,1-084-483-4747,Lead Interactions Director
6478,Lorine,Turner,Leon95@yahoo.com,566-950-4103 x28505,Global Solutions Agent
6839,Alisa,Glover,Aryanna.Grant34@gmail.com,(314) 485-4294,Investor Configuration Producer
1935,Corrine,Jacobson,Davon.Kertzmann14@yahoo.com,1-187-403-8990 x4217,Central Assurance Specialist
2847,Tracey,Keebler,Melyna51@gmail.com,1-246-656-3889,Principal Configuration Liaison
4723,Gail,Pfeffer,Roy.Rodriguez4@yahoo.com,040.953.7961 x284,Chief Branding Representative
6377,Hannah,Halvorson,Armani_Hickle@gmail.com,1-272-955-4490,Global Mobility Assistant
4630,Paxton,Osinski,Scottie.Connelly@gmail.com,1-015-704-3925 x5924,Lead Paradigm Administrator
3632,Boyd,Morar,Kiarra0@gmail.com,1-689-962-2633,Product Operations Consultant
3535,Heather,Hansen,Mae28@yahoo.com,1-177-198-0029,Investor Assurance Engineer
509,Werner,Cassin,Alysa94@hotmail.com,1-463-904-1335 x87923,Global Branding Technician
4601,Aiyana,Kerluke,Theo19@gmail.com,(974) 732-0698 x2704,District Implementation Specialist
6476,Keeley,Reilly,Laurine22@yahoo.com,(893) 042-5402,Investor Branding Architect
1152,Dessie,Swift,Arielle_Murray@gmail.com,477-550-1912,Central Quality Architect
3307,Lurline,Kemmer,Alexzander_Douglas22@hotmail.com,1-797-630-7191 x3615,Future Infrastructure Strategist
8787,Brisa,Ledner,Alta91@yahoo.com,1-655-173-5248,Direct Integration Administrator
439,Wiley,Sipes,Ludwig51@hotmail.com,(734) 264-3108,National Factors Supervisor
2070,Troy,Mann,Rasheed43@gmail.com,601-994-0822 x012,Dynamic Identity Facilitator
9357,Barry,Krajcik,Wilber_Crooks@gmail.com,922.120.7469 x5999,International Paradigm Facilitator
6121,Emma,Dare,Kenton_Barrows@gmail.com,865-880-0958 x7723,Customer Directives Developer
1567,Clotilde,Pagac,Deion85@gmail.com,482.619.1559 x8916,Direct Implementation Assistant
5146,Gustave,Jacobi,Dillon_Schamberger14@gmail.com,464-522-7732,Customer Accountability Planner
9531,Mozelle,Rippin,Kaya_Gutmann@gmail.com,1-602-277-3420,Principal Group Developer
4216,Araceli,Paucek,Nora81@gmail.com,(755) 174-6049 x94532,Corporate Solutions Specialist
5819,Lucio,Hartmann,Myron14@yahoo.com,(276) 423-8743 x0674,Human Program Technician
8834,Ariel,Treutel,Joannie.Conroy89@gmail.com,188-187-7355 x18381,Central Operations Officer
2864,Alana,Conroy,Malvina25@hotmail.com,081.592.2419,Principal Brand Supervisor
540,Eleanore,Durgan,Kieran11@yahoo.com,(684) 418-5338 x8435,Forward Configuration Supervisor
1861,Darryl,Yundt,Meaghan_Haley23@yahoo.com,1-651-590-3314 x5255,Regional Interactions Executive
1797,Lia,Pouros,Kailyn_Botsford@gmail.com,(529) 258-8569 x180,International Interactions Director
7931,Lola,Kassulke,Elvie76@gmail.com,754-379-9092 x6449,Product Assurance Associate
9112,Hayley,Hilll,Grady_Dicki@hotmail.com,1-905-093-5041,Regional Functionality Agent
2620,Dasia,Reichert,Brett_DuBuque@yahoo.com,963-456-8894,Principal Applications Assistant
3371,Armando,Gutkowski,Leon92@hotmail.com,1-495-368-0730 x83342,Forward Security Facilitator
3205,Virgie,Lind,Eduardo.Kohler@gmail.com,385.282.1216 x96233,National Data Executive
7185,Donny,Stark,Libbie98@hotmail.com,(213) 013-2897 x02670,Senior Tactics Developer
2401,Raven,Hackett,Lafayette.Schuppe27@yahoo.com,838-442-1291 x638,Legacy Identity Designer
8857,Joany,Herman,Leif93@gmail.com,(604) 036-4094 x39336,International Configuration Officer
2348,Kellen,Kulas,Jade75@gmail.com,1-711-746-4818 x037,Corporate Metrics Officer
1447,Letha,Yundt,Bennie22@hotmail.com,(692) 625-0406,Direct Research Liaison
9974,Alexandro,Witting,Josefa_Leffler47@hotmail.com,963.062.0727,Regional Identity Manager
3434,Enrique,Zulauf,Cyrus_Weissnat60@yahoo.com,005-168-2763 x28616,Senior Interactions Developer
2645,Brock,Osinski,Nannie55@gmail.com,1-299-617-1745 x327,Internal Metrics Assistant
8750,Lori,Pagac,Dixie83@gmail.com,523-162-3314,National Creative Manager
5811,Mellie,Corwin,Gordon.Beier98@hotmail.com,1-422-777-6079,Internal Accountability Assistant
3017,Amanda,Feil,Beulah89@yahoo.com,421.973.0965,Central Implementation Strategist
7464,Anita,Johnson,Vince43@gmail.com,(529) 423-7671 x49158,National Response Associate
8523,Mikayla,Schoen,Claire72@hotmail.com,1-771-177-6079,Legacy Applications Supervisor
5178,Belle,Ziemann,Delfina93@hotmail.com,(301) 141-7793,Principal Optimization Executive
4878,Cathrine,Hickle,Darwin.Skiles77@gmail.com,(861) 823-4647 x22164,Global Usability Representative
1296,Sherman,Rodriguez,Rickie.Blanda32@gmail.com,1-362-731-3451 x059,Senior Security Manager
3034,Melyna,Lockman,Nicklaus_Reinger54@gmail.com,978.877.2774,Future Integration Agent
8086,Grant,Schowalter,Arnulfo_Buckridge@gmail.com,1-731-314-1217 x4705,Legacy Operations Architect
4240,Eliezer,Schumm,Lexie_Larson41@gmail.com,879.116.9003,Forward Group Engineer
3096,Alice,Metz,Rasheed_Pacocha@hotmail.com,(421) 683-6103 x724,International Brand Orchestrator
2181,Avis,Legros,Dedric_Schaefer88@gmail.com,590-627-5778 x545,Internal Metrics Executive
8060,Rico,Grant,Sheila.Morar8@hotmail.com,049.068.4822,Dynamic Response Agent
8192,Janelle,Zemlak,Noe.Stanton33@hotmail.com,030-123-2395,Internal Creative Agent
3181,Julien,Dach,Jany.Keebler@yahoo.com,344-605-1724,Regional Infrastructure Representative
7146,Kacie,Yost,Amina.Weissnat73@yahoo.com,(684) 003-3010,Future Factors Liaison
3448,Annette,Huels,Kobe_Blick84@hotmail.com,(532) 292-0287,Global Research Administrator
7342,Ewald,Braun,Kallie55@gmail.com,474.727.6133 x9762,Principal Usability Developer
2640,Queen,Klocko,Colten_Effertz@hotmail.com,1-842-130-7715 x708,Dynamic Implementation Orchestrator
6576,Lacy,Robel,Lazaro64@gmail.com,(639) 177-6442,Corporate Response Director
834,Joshuah,Kutch,Randy_Bergstrom4@hotmail.com,1-195-189-5898 x292,Senior Functionality Director
5393,Omari,Brakus,Arnold84@yahoo.com,1-623-065-2306,Future Research Administrator
1812,Zachary,Cruickshank,Janessa20@gmail.com,(858) 865-4079,Product Data Assistant
9806,Teagan,Zemlak,Alvena0@yahoo.com,890-832-8218,Regional Operations Assistant
9696,Christa,Jacobs,Brenden.Schamberger96@hotmail.com,1-600-721-7778,Principal Branding Agent
6592,Angelo,Oberbrunner,Lyda.Turcotte16@yahoo.com,1-336-434-0079,District Implementation Strategist
1995,Roman,Stanton,Leon_Fay57@hotmail.com,753-905-5614 x5085,Dynamic Optimization Assistant
9683,Eldora,Balistreri,Cristian.Streich19@hotmail.com,088.626.9904 x69830,Internal Infrastructure Technician
1021,Nelle,Olson,Sophia75@yahoo.com,074-676-5113 x3492,Human Intranet Representative
2696,Aida,Bode,Geovany_Schroeder@hotmail.com,415-566-3157,Chief Mobility Liaison
8087,Kendall,Carter,Dion_Bergnaum@hotmail.com,576.026.3297 x8204,National Markets Agent
2122,Columbus,Kemmer,Darrick_Stanton@yahoo.com,(374) 975-0930 x46535,Forward Functionality Designer
253,Otho,Zboncak,Federico38@gmail.com,1-227-473-2119 x3634,Dynamic Branding Executive
228,Nadia,Abbott,Benedict53@gmail.com,(276) 189-1922 x388,Global Solutions Officer
7728,Janelle,Klein,Darren_Lesch47@gmail.com,1-348-696-6796,Forward Accounts Executive
1933,Valentine,Walsh,Keith_Rice15@gmail.com,(486) 813-0271 x0205,National Web Liaison
7162,Presley,Raynor,Valerie45@gmail.com,974.398.6978 x921,Dynamic Configuration Liaison
5798,Stefanie,Rutherford,Kathleen.Pfeffer@hotmail.com,557.966.5576 x5436,Legacy Implementation Specialist
6292,Mylene,Graham,Rosa.Kuhic47@yahoo.com,(757) 751-3827 x9655,Forward Directives Director
2404,Violet,Feest,Yasmeen.Price64@yahoo.com,1-479-426-8327 x957,District Intranet Producer
7423,Gaylord,Boyer,Reynold72@yahoo.com,1-291-042-6793 x04895,Direct Accounts Strategist
1628,Paxton,Cassin,Shirley94@hotmail.com,439.689.8674,Customer Usability Director
9453,Keaton,Simonis,Blair.Morissette@gmail.com,158-765-8803,Chief Integration Director
6905,Rosie,McClure,Javonte.Ledner@hotmail.com,803-315-1247,Forward Integration Technician
2540,Mackenzie,Franecki,Ernestina.Shields@yahoo.com,1-677-307-5606,Internal Applications Planner
1497,Darrell,Schinner,Viva_Barrows@yahoo.com,(023) 710-2813,Forward Configuration Agent
219,Orion,Hilll,Myah53@gmail.com,220-950-5364,Human Assurance Associate
2635,Krystina,Cronin,Dillon.Kling@yahoo.com,1-103-078-4283 x56466,Dynamic Web Specialist
8939,Ricky,Maggio,Emmitt_Mayer@hotmail.com,1-325-656-1722 x227,District Research Director
3379,Dorris,Bahringer,Lynn80@yahoo.com,(569) 961-2351,Lead Applications Officer
4153,Oleta,Moore,Jarred9@gmail.com,506.669.0598 x6589,Lead Mobility Designer
5787,Marlee,Terry,Ephraim89@yahoo.com,(712) 688-7742 x59296,Dynamic Creative Engineer
2233,Christian,Robel,Nathen_Bergstrom6@hotmail.com,372.807.9629,Investor Marketing Designer
7732,Garry,King,Viva70@yahoo.com,1-839-850-1109 x20909,Future Web Administrator
5747,Frank,Walter,Zachariah_Toy@gmail.com,(923) 776-8175 x50377,Internal Division Strategist
8589,Daphney,Cruickshank,Kasandra.Feeney@hotmail.com,1-877-149-4277,Customer Web Representative
7457,Darrell,Kovacek,Emil.Ziemann@gmail.com,1-393-654-6023,Customer Division Liaison
4148,Alberta,Bogan,Alfred.Durgan52@yahoo.com,(539) 746-4820,Product Response Coordinator
8723,Misael,Yost,Nels20@hotmail.com,1-584-665-9476 x82478,Chief Tactics Executive
6533,Zachery,Morar,Harvey_Bode6@gmail.com,620.122.8020 x3058,Dynamic Usability Developer
6097,Bailee,Roob,Marguerite_Walsh55@yahoo.com,901-455-7895 x750,Chief Applications Supervisor
5076,Domenick,Ziemann,Mathew_MacGyver@gmail.com,(692) 205-0151,Legacy Security Architect
5668,Jadyn,Kutch,Lafayette.Bechtelar50@yahoo.com,773-660-6703 x8508,Central Creative Architect
736,Brady,Jaskolski,Gladys88@yahoo.com,(108) 146-5065 x393,Dynamic Directives Director
9366,Hope,Howe,Dasia.Mosciski@yahoo.com,788-662-1766 x73338,Senior Applications Orchestrator
8444,Kayli,Herzog,Calista_Schuster@gmail.com,1-498-735-0455,Global Accountability Supervisor
1096,Mattie,Huels,Katarina.Daugherty27@yahoo.com,990.880.8411 x025,Forward Research Assistant
7652,Christa,Franecki,Gudrun_Trantow@hotmail.com,229.432.0473 x779,Product Operations Coordinator
1868,Corene,Dickinson,Jeramy31@gmail.com,(578) 293-9378,Direct Implementation Director
7029,Werner,Huels,Samantha12@gmail.com,(424) 329-6823 x004,Lead Integration Designer
2766,Alex,Osinski,Madelyn_Bruen27@yahoo.com,1-119-827-3907,Internal Communications Strategist
4115,Mikayla,Rogahn,Floy.Wolff@gmail.com,(124) 652-8901,Human Markets Coordinator
1509,Jaida,Reynolds,Angeline.Shields72@yahoo.com,781.522.4656,Chief Accountability Architect
427,Magdalena,Hintz,Mireya53@hotmail.com,1-686-955-0315 x5484,Chief Configuration Orchestrator
1475,Trudie,Wilkinson,Trevion30@gmail.com,(217) 424-4538 x496,International Identity Engineer
7934,Devin,Denesik,Leonor_Bauch26@gmail.com,1-508-136-0923 x2482,Regional Operations Agent
2097,Tyree,Ebert,Rose_Collins74@hotmail.com,703.682.0928 x4271,Lead Usability Engineer
8037,Izaiah,Wiegand,Mabel77@gmail.com,682-197-3262,Customer Directives Officer
4559,Herbert,Zieme,Lottie.Pfeffer@gmail.com,034.659.1031,Principal Brand Engineer
5463,Jaylan,Swaniawski,Ernestina.Marquardt@gmail.com,(446) 727-3171 x76871,Central Identity Specialist
5948,Casandra,Walsh,Ross_Vandervort@yahoo.com,1-219-665-5904,Chief Communications Director
5493,Althea,Kirlin,Mariela.Reinger75@hotmail.com,020.184.3123 x27262,Corporate Web Officer
2913,Bud,Cassin,Lucinda_Marquardt22@yahoo.com,1-729-632-4558,Internal Interactions Officer
3757,Gia,Balistreri,Aubrey.Graham@gmail.com,351.219.7200 x09622,Dynamic Data Technician
3909,Georgette,Senger,Ethyl.Schneider@gmail.com,1-357-895-9845 x43740,Future Accounts Administrator
9192,Leila,Hills,Jasmin.Botsford@yahoo.com,1-974-962-1768 x81360,Future Solutions Orchestrator
6930,Catherine,Feil,Deja_Cole@hotmail.com,139-264-1812 x4470,Regional Security Orchestrator
5361,Fausto,Veum,Grover_Kemmer@yahoo.com,1-748-411-6181 x9951,Global Usability Orchestrator
4388,Juvenal,Torphy,Stuart.Altenwerth@hotmail.com,(445) 676-5428 x7376,Direct Intranet Administrator
9348,Alaina,Gleichner,Bobbie_Bode@hotmail.com,1-553-942-3504,Senior Accountability Designer
4971,Hilton,Aufderhar,Pietro.Cole@gmail.com,082.054.8578,Forward Assurance Producer
3539,Patience,Bernhard,Colt12@gmail.com,1-826-284-1822,Forward Data Designer
5622,Bernhard,Schiller,Jennyfer21@hotmail.com,1-313-111-5993,Senior Creative Manager
2933,Hillary,Wehner,Zora98@hotmail.com,441.962.6853 x658,International Directives Planner
7858,Dayton,Nienow,Cora.Schaefer@yahoo.com,1-615-928-7757 x3027,Forward Metrics Technician
1452,Violette,Koch,Genoveva_Simonis42@yahoo.com,(744) 538-2317,Future Response Administrator
7879,Dan,Cremin,Nathanial41@gmail.com,1-999-699-1931 x14593,District Creative Director
5300,Clara,Rutherford,George.Mitchell@hotmail.com,(776) 194-0149,Chief Data Strategist
5730,Madonna,Stroman,Ezequiel_Shields@gmail.com,1-682-770-9476,Global Intranet Designer
3683,Hallie,Thompson,Alphonso_Swift69@yahoo.com,1-201-443-8399 x7040,Chief Configuration Planner
1024,Jevon,Konopelski,Titus.Bayer16@hotmail.com,(070) 220-2757,Chief Identity Executive
4727,Noe,Satterfield,Sammie.Reichert76@hotmail.com,564.370.4811 x14193,Forward Division Representative
4175,Dashawn,Howell,Muriel77@gmail.com,(496) 875-4913 x2196,International Branding Manager
1602,Sanford,Sanford,Burdette90@yahoo.com,188.702.4651,Internal Security Agent
760,Louisa,Pouros,Abe_Morar81@yahoo.com,836-762-8527,Global Infrastructure Executive
893,Lenore,Sawayn,Gabriella_OConner@gmail.com,869.559.5942 x0964,Chief Implementation Representative
7425,Dorcas,Kirlin,Magnus.Schimmel95@gmail.com,1-729-381-8198 x31472,Central Metrics Coordinator
7501,Angie,Dickens,Bianka.Streich@hotmail.com,1-145-393-0738 x79657,Dynamic Applications Architect
1885,Linda,Spencer,Jasen_Hermann9@gmail.com,1-188-427-9533,Direct Infrastructure Engineer
3553,Bill,Rice,Mable27@gmail.com,826.534.6740 x5594,Human Configuration Orchestrator
3768,Leora,Fahey,Eriberto_Weimann@yahoo.com,139.545.0550 x53302,Customer Assurance Strategist
8525,Asha,Emmerich,Kristopher18@gmail.com,1-441-699-4451 x6136,Corporate Data Specialist
7507,Marc,Goldner,Olaf71@yahoo.com,493-188-8813,Human Data Associate
869,Herbert,Stamm,Tommie18@gmail.com,376.056.9521 x39494,Lead Response Liaison
7523,Brionna,Auer,Benjamin.Mohr@yahoo.com,1-428-888-1390,Human Communications Consultant
3964,Hildegard,Barton,Kamron_Corwin@hotmail.com,1-004-625-0091,Internal Infrastructure Administrator
6335,Eliezer,Rosenbaum,Otto_Wolff@gmail.com,137-776-4952,Legacy Integration Planner
9500,Jamar,Stamm,Rodrigo_Donnelly3@hotmail.com,1-485-013-6126 x843,Investor Functionality Producer
4377,Hillary,Cormier,Dessie_McGlynn57@hotmail.com,(124) 077-5429 x33193,District Directives Administrator
4222,Ardith,Douglas,Kevin99@hotmail.com,(681) 231-3177 x9569,Internal Assurance Coordinator
117,Caleigh,Beier,Brennon48@hotmail.com,1-503-553-0587 x4836,International Optimization Planner
9548,Raphael,Lemke,Josiane55@yahoo.com,127-354-4995 x37545,Forward Assurance Administrator
1259,Lazaro,Armstrong,Curtis.Durgan@hotmail.com,1-840-874-1146,District Infrastructure Associate
3779,Shyann,Bechtelar,Britney.Ritchie27@hotmail.com,(661) 574-2815 x865,Human Assurance Officer
3912,Felicity,Mosciski,Alfonzo41@yahoo.com,588.820.4674 x4710,Legacy Assurance Supervisor
8468,Roel,Hodkiewicz,Damaris.Batz@hotmail.com,1-183-371-0309 x375,Dynamic Accounts Associate
2771,Francis,Lemke,Destiney.Will@gmail.com,875.980.7133,Product Directives Analyst
1417,Nelda,Mante,Eleanore.Fisher@hotmail.com,1-667-852-5203 x13341,Dynamic Integration Orchestrator
914,Jonathan,Cassin,Litzy.Herzog75@gmail.com,1-085-530-9106,Customer Web Planner
837,Emie,Will,Baylee.Hessel@gmail.com,293.214.0346 x867,District Factors Administrator
603,Isom,Gaylord,Alessandra_Berge@gmail.com,259-741-3308 x547,Internal Program Engineer
3806,Janessa,Gorczany,Simeon18@gmail.com,1-993-524-7319 x26174,District Paradigm Coordinator
3527,Frederick,Franecki,Edmund91@yahoo.com,931-871-5377 x808,Principal Metrics Liaison
9504,Sherman,Blick,Dolores7@gmail.com,589-069-4976 x9072,Chief Operations Associate
1895,Sister,Rempel,Fredy_Wehner88@gmail.com,637-094-6865 x14561,Investor Paradigm Manager
3730,Dane,Harvey,Gennaro7@yahoo.com,493-737-2166 x66259,Direct Quality Manager
2267,Kayli,Waters,Gaston22@hotmail.com,792.454.2507 x053,Product Functionality Manager
7374,Dameon,Schimmel,Cassidy_Stark@gmail.com,427-136-2574 x3476,Customer Creative Technician
2431,Skye,Ruecker,Nikita_Corwin@hotmail.com,670-648-8903 x5510,Direct Group Architect
6503,Fae,Rice,Evelyn76@gmail.com,(941) 861-7610,Lead Solutions Strategist
9434,Piper,Ullrich,Stan48@hotmail.com,(873) 222-4354,Lead Markets Orchestrator
6348,Rick,Lebsack,Tracey_Jenkins12@hotmail.com,(150) 393-0589 x3868,Forward Accountability Planner
3855,Rachael,Gulgowski,Ernestina.Romaguera@yahoo.com,1-192-758-6917,International Identity Supervisor
3631,Birdie,Williamson,Jimmy65@gmail.com,857-143-8563,Forward Mobility Associate
1878,Alicia,Upton,Garfield85@yahoo.com,(856) 999-5740,Product Communications Producer
1127,Rasheed,Dietrich,Nestor84@yahoo.com,602-790-2091,Chief Applications Agent
8928,Rosamond,Bartell,Hazle.Kozey59@hotmail.com,1-542-608-6505 x8113,Legacy Paradigm Engineer
2733,Fred,Wuckert,Mohammad14@gmail.com,1-087-613-0896 x6372,Lead Infrastructure Director
1811,Lorenz,Wolf,Kay_Stanton@gmail.com,799-976-0398 x9451,Global Applications Representative
2672,Marilie,Boehm,Duane_Heathcote13@hotmail.com,868.106.8907,Central Factors Designer
2542,Chase,Dare,Kelly65@gmail.com,993.896.2207 x7995,Lead Assurance Planner
4132,Abigayle,Morissette,Grace98@gmail.com,1-436-124-5119,Internal Tactics Supervisor
6101,Ezekiel,Rodriguez,Sylvester.Heidenreich@yahoo.com,164-799-5971,Dynamic Factors Agent
319,Zetta,Ryan,Gladyce.Runolfsson@yahoo.com,466-678-5343 x6483,Future Communications Architect
3437,Leonora,Kuhic,Emory.Collins@hotmail.com,470-169-1155,Future Integration Specialist
659,Erna,Botsford,Hunter91@gmail.com,193.846.6534 x72127,Future Accounts Facilitator
7920,Brain,Luettgen,Jenifer_Lehner66@yahoo.com,075.492.5873 x80324,Dynamic Operations Consultant
7125,Emerald,Zulauf,Susanna55@hotmail.com,080-884-1066,Dynamic Usability Planner
4492,Cory,Mueller,Herminio.Emmerich@gmail.com,332-036-4662 x7098,Lead Usability Consultant
8290,Laurie,Hoeger,Brad31@hotmail.com,1-060-625-1216,Regional Assurance Producer
1569,Emmanuelle,Reynolds,Zoe_Kassulke@gmail.com,344-099-7342 x2432,District Mobility Facilitator
9644,Amber,Bogan,Blair_Leffler@gmail.com,(728) 596-9966,District Group Consultant
4141,Micaela,Haag,Terrill_Pacocha83@gmail.com,1-444-407-0609,International Implementation Director
2766,Keith,Reynolds,Hannah_Medhurst33@gmail.com,(981) 724-1691,Lead Response Representative
7225,Tremayne,Hermiston,Esta_Bednar2@hotmail.com,(580) 123-1532,Senior Interactions Designer
233,Louvenia,Schoen,Karine.Hamill20@yahoo.com,100.023.3398 x94468,Dynamic Applications Assistant
148,Ward,Russel,Keshawn20@gmail.com,1-695-946-5066 x3485,Internal Tactics Supervisor
7422,Mustafa,Rath,Tyson_Hegmann@gmail.com,480.573.1177 x953,Direct Quality Representative
8664,Mayra,Olson,Cloyd27@gmail.com,1-294-031-8143 x326,Lead Data Specialist
825,Adaline,Hahn,Marty.Nitzsche@gmail.com,(997) 024-7229,International Infrastructure Liaison
363,Thalia,Kuvalis,Lou.Padberg77@gmail.com,1-446-475-9790,Regional Usability Technician
1385,Tod,Jacobson,Mac52@yahoo.com,(830) 505-7297 x87955,Principal Implementation Specialist
1878,Lonnie,Ryan,Jamaal.Johnston@yahoo.com,946.472.6153,Internal Infrastructure Director
8960,Lemuel,Dibbert,Sage.Hansen65@gmail.com,1-177-831-1905,Principal Optimization Officer
917,Sandra,Mante,Isobel_Upton@yahoo.com,(530) 090-3812,Dynamic Response Associate
2264,Gilbert,Sauer,Guy.Heathcote91@yahoo.com,1-159-034-4899 x0387,National Infrastructure Specialist
1911,Vida,Kovacek,Casimir_Waters@gmail.com,1-356-504-5877 x6720,Senior Program Director
8233,Roel,Schmitt,Harvey_Schinner@yahoo.com,1-916-058-5711,District Usability Analyst
7211,Derick,Becker,Jamaal.Schumm@yahoo.com,1-155-586-3260 x68388,Chief Solutions Producer
2581,Kallie,Veum,Christelle_Nader@hotmail.com,720-413-3082,Dynamic Integration Specialist
9896,Jannie,Greenholt,Claire.Miller38@gmail.com,(326) 079-3485,Forward Program Orchestrator
6520,Pierre,Raynor,King_Bergstrom57@hotmail.com,863.501.0922,National Data Representative
6615,Santos,Toy,Raheem_Brekke29@gmail.com,1-389-292-8673 x650,Global Data Specialist
7603,Brody,Koelpin,Gerald_Metz74@hotmail.com,1-800-589-0307 x480,National Creative Executive
1370,Darrel,Cremin,Jace.OReilly36@hotmail.com,002-730-4176,Legacy Applications Assistant
5403,Adan,Gerlach,Eldred_Koepp43@gmail.com,535-859-2053 x3537,International Data Manager
3018,Haskell,Bergstrom,Angela.Wisoky68@gmail.com,(429) 103-9184 x37635,Principal Configuration Specialist
7458,Helen,McKenzie,Frankie_Daniel61@gmail.com,1-854-945-8067 x90611,Future Division Agent
9438,Kenneth,Haley,Kellen57@hotmail.com,791-994-1812,Corporate Markets Administrator
2789,Rosalia,Kuhn,Braeden_Wolf12@gmail.com,(376) 190-6490 x221,Dynamic Accounts Analyst
4373,Kenneth,Reichel,Mike.Berge@yahoo.com,(453) 221-6914 x7330,Legacy Markets Producer
8622,Nikolas,Ortiz,Hermina21@gmail.com,1-270-583-4346 x60830,Customer Tactics Engineer
1259,Haley,Feest,Elva25@yahoo.com,(354) 056-1601,Future Implementation Manager
8853,Grace,Towne,Alvena95@hotmail.com,1-276-557-9280 x59056,Internal Intranet Representative
2247,Carolyn,Luettgen,Danika_Orn@gmail.com,588.634.8295 x079,Chief Tactics Strategist
1412,Janae,Brakus,Jared34@hotmail.com,231-672-8887,Forward Data Coordinator
6491,Muriel,Jerde,Alva_Goyette@hotmail.com,663.462.9934 x5958,Corporate Operations Developer
6830,Millie,Hodkiewicz,Francis.Labadie@gmail.com,(538) 154-6002 x5759,Corporate Usability Manager
4940,Tatyana,Ferry,Layla.Weimann63@yahoo.com,824-039-1947,International Program Orchestrator
489,Brandy,Yundt,Danika_Hills@yahoo.com,838-635-5076 x049,Regional Brand Executive
5229,Rita,Reilly,Liliane_Hegmann26@gmail.com,(800) 824-9721,Senior Communications Architect
4783,Milton,Jerde,Leatha_Lakin58@gmail.com,(216) 077-8433 x06140,Regional Data Technician
9763,Rhett,Torp,Mathew_Koch@hotmail.com,125-740-4135,Human Operations Supervisor
6230,Hazle,Tremblay,Rita_Doyle@hotmail.com,616-346-9143 x67384,Corporate Security Administrator
6349,Sandra,Kuphal,Soledad46@gmail.com,(161) 971-5124,Chief Integration Representative
996,Camden,Bergstrom,Emmanuel_Pouros@hotmail.com,1-818-651-3559,Human Response Liaison
6079,Tyson,Johns,Jazmyne_Wolff42@hotmail.com,532-890-3620 x16092,National Research Strategist
2855,Calista,Gutmann,Raegan16@yahoo.com,676-153-0249,Internal Marketing Coordinator
2388,Nya,Greenfelder,Hugh30@yahoo.com,(010) 300-8591 x596,Principal Usability Developer
6255,Damon,Dickinson,Van69@gmail.com,441-361-5614,Direct Brand Administrator
6042,Lewis,Rodriguez,Lelia_Krajcik@hotmail.com,1-005-798-7382 x78584,Forward Interactions Producer
8329,Verda,Mosciski,Peyton.Douglas@hotmail.com,1-725-552-4842,International Interactions Representative
3119,Marlen,Spencer,Rudolph.Krajcik15@hotmail.com,(075) 560-4900 x93861,Product Communications Executive
21,Carey,Leannon,Alek34@yahoo.com,533-056-9332 x2189,National Paradigm Agent
2698,Malinda,Mraz,Watson.Paucek@gmail.com,450-428-9131 x12904,Lead Optimization Coordinator
3572,Nyah,Donnelly,Otho_Rosenbaum@gmail.com,(827) 106-0106,District Markets Director
6510,Hailie,Heaney,Ezequiel_Pollich@yahoo.com,(470) 282-0234 x299,International Paradigm Designer
2631,Rubye,Lehner,Robin_Cormier77@gmail.com,(935) 196-9777 x28437,Global Marketing Supervisor
2429,Elliot,Lemke,Harrison96@yahoo.com,1-069-053-0561 x8466,Dynamic Paradigm Director
8607,Anjali,Stracke,Norberto.Batz@yahoo.com,301-538-2812 x553,Chief Directives Agent
6666,Margot,Friesen,Ollie.Runolfsson32@yahoo.com,1-311-923-3016,Human Data Analyst
135,Elsa,Murazik,Noah.Abernathy@gmail.com,318.789.6839 x91150,Corporate Brand Facilitator
5637,Verna,Ryan,Lewis_Koss34@yahoo.com,(853) 363-6512,Dynamic Marketing Associate
9315,Lazaro,Macejkovic,Marian.Marks89@hotmail.com,552-191-2769 x12948,Lead Functionality Representative
3660,Dejuan,Torphy,Twila.Stark@yahoo.com,(818) 599-6418,Global Directives Consultant
4776,Earline,Kreiger,Brionna99@gmail.com,756-616-1586,Legacy Usability Associate
88,Myrl,Anderson,Ashton70@gmail.com,1-178-387-9063 x4911,Internal Group Coordinator
1655,Zane,Schneider,Lia.Botsford@hotmail.com,(389) 686-8160,Internal Communications Agent
6984,Lindsay,Rice,Kali.Becker44@yahoo.com,187-918-9290 x301,Central Optimization Manager
4458,Edgar,Franecki,Leonardo66@gmail.com,(063) 019-6681,Investor Response Manager
8391,Jayce,Franecki,Jaiden.Ward@gmail.com,478-772-9149 x8156,Forward Branding Consultant
31,Melany,Bosco,Connor_Klocko@hotmail.com,1-900-174-1912 x14657,Corporate Accountability Officer
2746,Dominic,Huels,Breana46@gmail.com,035.599.0952 x120,Direct Interactions Producer
2285,Laury,Jast,Judge33@gmail.com,581.016.7041,Human Data Director
8842,Deonte,Mertz,Oren.Roob94@gmail.com,326-465-1347,National Functionality Developer
2368,Ruby,Cormier,Angelica92@yahoo.com,(134) 928-7924 x62773,Central Tactics Orchestrator
8024,Vicente,Ankunding,Kole.Effertz@yahoo.com,177.918.8169,International Communications Engineer
5330,Harley,Huel,Elroy71@yahoo.com,(779) 868-4229 x13501,District Functionality Agent
9812,Chandler,Jakubowski,Bernice.Kreiger@gmail.com,332-391-4636 x35867,Forward Marketing Facilitator
3060,Krystina,Dooley,Izaiah.Treutel59@yahoo.com,(693) 278-1626,Future Security Producer
1566,Monte,Beatty,Brigitte95@hotmail.com,437-543-3395 x7635,Global Usability Analyst
1359,Tre,Schuster,Selmer.OKeefe32@yahoo.com,1-126-666-4948 x876,Global Security Analyst
3788,Shaun,Harris,Norma.Wiegand55@yahoo.com,1-474-712-4398 x819,Legacy Communications Strategist
6314,August,Dibbert,Maximillian.Smitham@hotmail.com,1-252-803-8220,District Data Designer
616,Eriberto,Klocko,Margret51@yahoo.com,(803) 004-3980 x85334,Investor Usability Developer
6187,Jasen,Lebsack,Bud_Kessler@hotmail.com,(689) 616-7842 x128,Product Accountability Facilitator
7684,Abbigail,Hoeger,Herminia.Shields@hotmail.com,(334) 605-7098 x89373,Lead Accounts Developer
5265,Britney,Funk,Audie_Sanford92@hotmail.com,209.559.0216 x925,Dynamic Configuration Developer
5349,Teagan,Romaguera,Marcus_Russel7@yahoo.com,1-420-237-0042 x9269,Investor Identity Designer
1363,Gaston,Feest,Hayden5@gmail.com,665-072-0240 x3036,Principal Brand Liaison
109,Kirstin,Deckow,Foster.Brown73@hotmail.com,1-313-620-9112 x9564,Product Program Supervisor
8243,Janice,Mills,Parker_Ferry91@yahoo.com,1-456-964-9612 x31757,Senior Accounts Engineer
6850,Cristian,Reilly,Peyton_Olson@gmail.com,(510) 393-7392,Legacy Quality Developer
187,Floyd,Lynch,Pauline_Volkman27@yahoo.com,344-136-0354 x8404,Principal Metrics Liaison
5868,Erica,Barrows,Karlie.Kulas@hotmail.com,729.503.7294,Regional Configuration Developer
8498,Abraham,Breitenberg,Jeremy.Stiedemann@hotmail.com,1-605-414-3609 x37689,Dynamic Division Executive
3594,Clark,Altenwerth,Janelle90@hotmail.com,(966) 385-7770 x84273,Product Directives Assistant
9088,June,Conn,Zachary_Ryan@hotmail.com,1-129-916-1416 x989,Future Branding Associate
1680,Marisol,Daugherty,Jordane25@gmail.com,521.094.9780 x7923,Dynamic Solutions Technician
9387,Ayden,Brakus,Phoebe60@yahoo.com,620.939.1594 x64646,Senior Integration Designer
2648,Roscoe,Brakus,Holden_Walter@yahoo.com,855.985.8560 x7158,Regional Brand Associate
6130,Norma,Rosenbaum,Trevion.Upton@hotmail.com,099.861.0210 x8840,Senior Solutions Specialist
7375,Lillian,Considine,Elwyn94@hotmail.com,(762) 086-2656 x52407,Customer Response Coordinator
619,Ilene,Bahringer,Miguel84@gmail.com,1-503-177-9375 x15197,Central Identity Engineer
9798,Martin,Gerhold,Danielle.Braun@yahoo.com,361-884-6209 x8820,District Metrics Agent
8976,Brenda,Berge,Faustino60@hotmail.com,(776) 049-8661 x1312,Principal Branding Orchestrator
1216,Christina,MacGyver,Max_Stracke@yahoo.com,(152) 289-8900,Internal Optimization Strategist
2273,Lorenzo,Ondricka,Sylvia_Leffler18@gmail.com,664.385.0507 x4967,Product Quality Agent
3517,Deborah,Terry,Colt78@yahoo.com,1-372-089-0188 x4839,National Accounts Orchestrator
1255,Ezra,Medhurst,Idell.Kemmer19@hotmail.com,445.932.2019,Corporate Creative Administrator
6693,Grant,Flatley,Joana.Marquardt24@hotmail.com,435.588.3961,Central Group Facilitator
1192,Verona,Price,Trace_Kris@hotmail.com,851.483.0206,Product Factors Representative
8120,Quentin,Heidenreich,Adelle.Hand95@hotmail.com,904-735-7382 x86375,Central Configuration Producer
801,Colt,Pacocha,Luigi41@yahoo.com,1-843-711-0633 x46758,Regional Factors Representative
9192,Domenic,Russel,Jesse85@yahoo.com,730-228-9264,Principal Functionality Administrator
4198,Addie,Dare,Wilburn.Ryan@gmail.com,(536) 176-1599 x74565,Regional Data Consultant
753,Ericka,Ernser,Chadrick11@gmail.com,699-729-5900,Chief Accounts Consultant
8409,Danial,Muller,Citlalli_Stoltenberg@hotmail.com,248.330.6916 x1343,National Group Designer
3145,Jakayla,Sanford,Hardy_Rolfson7@hotmail.com,(006) 125-8252,Forward Response Officer
4997,Ross,Boyer,Jamaal.Morissette@gmail.com,(219) 512-7003,Internal Division Executive
3757,Lincoln,Roob,Lorenz.Jacobs@hotmail.com,1-165-383-8545,Dynamic Brand Designer
1966,Shanie,Schultz,Brice37@hotmail.com,113-702-3859 x3170,National Division Director
1957,Ana,Shields,Webster15@gmail.com,(730) 097-5101,Dynamic Factors Planner
8558,Wilfrid,O'Kon,Davon39@yahoo.com,(618) 440-9792,Product Configuration Technician
5450,Harley,O'Keefe,Destiny.Bogan14@hotmail.com,(454) 182-4882,Lead Communications Manager
8795,Nyasia,Kuphal,Howell61@gmail.com,274-241-7275 x962,International Branding Coordinator
7963,Betty,Douglas,Anthony_Blanda@hotmail.com,172.915.5565,Future Configuration Analyst
3632,Reid,Hudson,Lucile.Jenkins@yahoo.com,(960) 919-0781 x84240,Customer Research Strategist
117,Kiarra,Schimmel,Rod.Padberg78@hotmail.com,1-840-711-5729,Regional Tactics Associate
6718,Birdie,Bartoletti,Parker_Moore25@yahoo.com,(504) 884-1544,Global Quality Orchestrator
1803,Laisha,Toy,Erling_Grant1@hotmail.com,654-772-0192 x1254,International Group Associate
1792,Eloy,Maggio,Jerome.Kerluke70@hotmail.com,1-114-377-9134 x38675,Investor Markets Producer
1462,Mac,Kertzmann,Eldridge_Hagenes39@gmail.com,1-875-834-8914,Internal Infrastructure Liaison
5512,Brayan,Swaniawski,Gracie_Ruecker93@gmail.com,218.101.5867 x11633,International Security Consultant
4641,Kane,Abbott,Yolanda.Williamson@hotmail.com,1-150-859-0536 x57935,Global Security Facilitator
929,Sean,Sauer,Jacklyn84@gmail.com,1-622-811-3600,Corporate Response Coordinator
3008,Kenny,Halvorson,Camilla91@hotmail.com,1-470-419-9555 x08254,Internal Directives Strategist
8599,Ernie,Spinka,Buster88@yahoo.com,1-917-748-7238,District Program Director
3481,Devyn,Lesch,Yasmin_Stark11@yahoo.com,(705) 009-8268 x59332,Senior Brand Specialist
8475,Charlene,Thiel,Anabelle96@yahoo.com,958-206-7157,Direct Research Facilitator
1088,Tony,Bednar,Treva18@gmail.com,1-800-045-9563 x79401,Future Mobility Developer
6320,Okey,Hackett,Emmie.Kovacek@yahoo.com,897.652.2314 x1020,Investor Optimization Supervisor
9390,Hoyt,O'Hara,Louvenia_Hettinger@gmail.com,1-648-223-2744,Internal Identity Orchestrator
6118,Otto,Wilkinson,Eldridge94@hotmail.com,467.609.2333,Chief Identity Officer
5382,Toby,Gleichner,Enoch29@hotmail.com,557-974-5045,Forward Directives Officer
5079,Eldon,Murazik,Alejandrin.Terry@gmail.com,(696) 330-5733 x284,Corporate Configuration Strategist
2727,Kelli,Pfeffer,Arnoldo20@gmail.com,939.002.2891 x998,District Tactics Coordinator
4511,Judd,Wintheiser,Mariana_Kihn@gmail.com,377-704-8463 x626,Dynamic Configuration Liaison
880,Rhoda,Lang,Laila19@yahoo.com,878.037.6071 x677,Lead Directives Strategist
7976,Deonte,Johnston,Luciano32@gmail.com,1-279-859-7235 x59763,Customer Implementation Manager
1146,Madonna,Blanda,Karina_Windler31@gmail.com,1-833-888-9567,Future Marketing Designer
4411,Boris,Windler,Alicia_Beer@hotmail.com,(709) 475-8208,Investor Program Analyst
2239,Bryon,Auer,Madalyn_Purdy46@gmail.com,055.857.8897,Legacy Factors Director
5844,Ryan,Hansen,Dangelo98@yahoo.com,(757) 167-6081 x318,Corporate Tactics Director
3649,Meggie,Howe,Laila_Windler@yahoo.com,1-598-465-3897 x955,Forward Infrastructure Technician
4235,Khalil,D'Amore,Jabari.Baumbach47@yahoo.com,(620) 168-3338 x80827,Principal Usability Supervisor
6766,Litzy,Medhurst,Aurelia_Haley5@hotmail.com,1-504-799-9789 x75607,Chief Tactics Planner
3599,Zena,Auer,Kristin.Frami@yahoo.com,982-065-9418 x50317,Lead Applications Specialist
6674,Audra,Dach,Roscoe.Hoppe@hotmail.com,274.597.1330 x538,Legacy Implementation Administrator
5550,Kody,Barrows,Wallace45@yahoo.com,(933) 030-8721 x583,Investor Brand Analyst
22,Kara,O'Conner,Bria4@hotmail.com,911.402.2776 x01545,Internal Applications Officer
929,Estevan,Anderson,Reece.Weber@gmail.com,1-570-588-3371 x88595,Internal Interactions Associate
7779,Queen,Wilkinson,Rowan_Kiehn@gmail.com,1-981-397-0011 x22043,Investor Security Orchestrator
6367,Nico,Heaney,Zoe_Casper@yahoo.com,317.548.4652,Senior Accounts Officer
6184,Rod,Ryan,Herbert.Donnelly@yahoo.com,172.340.1334 x20745,Investor Interactions Associate
9300,Glenda,Hayes,Jefferey28@gmail.com,(532) 350-6868 x4862,International Factors Liaison
2761,Ryleigh,Koelpin,Xander_Keebler@gmail.com,1-172-382-0930 x0977,Customer Response Coordinator
6096,Haley,Zulauf,Walton_Labadie@yahoo.com,(726) 595-7389 x3518,Customer Quality Liaison
2149,Jermey,Bernhard,Bella_Hammes@gmail.com,(281) 272-4745,Investor Infrastructure Coordinator
8890,Concepcion,Ratke,Leola_Gorczany0@hotmail.com,858.033.4997,Direct Web Consultant
1595,Kailey,Graham,Lydia.Heller29@gmail.com,1-055-686-6677 x06582,Principal Intranet Facilitator
669,Olaf,Terry,Oda23@gmail.com,1-454-267-5766 x05211,Chief Integration Designer
5355,Nicholas,Thiel,Kristin.Shanahan48@yahoo.com,612-177-4019 x2870,Customer Group Representative
6797,Aurelio,Hauck,Enrique_Schaefer@yahoo.com,(757) 486-6483 x85260,Lead Infrastructure Facilitator
1106,Bette,Kunde,Elza.Wolf@yahoo.com,1-236-388-8724,Direct Security Orchestrator
9437,Zander,Marvin,Mozelle_Gislason0@yahoo.com,964.042.8937,Chief Factors Assistant
6465,Carmella,Daniel,Jeramie4@yahoo.com,(750) 561-3230,Investor Security Director
9133,Dagmar,Conn,Helen50@yahoo.com,1-595-108-5845 x4228,Senior Web Analyst
244,Kathryn,Schmeler,Merlin_Kuhn37@yahoo.com,550.171.5142,District Metrics Engineer
3772,Twila,Pfeffer,Janet.Cremin72@hotmail.com,641.658.9638,Internal Branding Specialist
3169,Joey,Macejkovic,Roel70@hotmail.com,972-427-8089 x220,Senior Functionality Associate
8343,Kyla,Larkin,Clair.Grant@gmail.com,687.235.0102 x12978,Future Brand Manager
8716,Zander,Kunde,Stan15@gmail.com,747.376.7066 x6085,Product Research Director
2411,Kylee,Kilback,Abigale_Schuppe20@hotmail.com,125.407.0060 x80820,National Tactics Orchestrator
3760,Frank,Rodriguez,Wilfred_Boyle36@hotmail.com,1-709-789-3965,Human Interactions Planner
9267,Nestor,Bauch,Floyd.Metz@gmail.com,366.813.2298,International Security Designer
3822,Elena,McDermott,Bertrand_Hamill64@yahoo.com,1-145-418-4243 x8914,Investor Implementation Developer
2710,Garnett,Braun,Everardo_Mann@yahoo.com,036.167.0182 x02571,Dynamic Infrastructure Technician
9835,Hiram,Kiehn,Doyle_Zemlak63@hotmail.com,1-534-116-0859,Investor Accounts Associate
8925,Daniella,Brekke,Fay_Lemke@hotmail.com,1-830-319-8040 x863,Product Usability Specialist
8892,Dianna,Goyette,Augustus.Stamm@yahoo.com,1-595-493-2886 x88121,Regional Branding Liaison
417,Van,Schoen,Mertie_Turner9@hotmail.com,(335) 612-3453,Senior Response Associate
4027,Jamison,McDermott,Treva_Paucek91@yahoo.com,761-616-5095,Regional Markets Facilitator
4386,Coleman,Jenkins,Lorenzo70@yahoo.com,536-768-0919,Chief Metrics Officer
906,Zachariah,Howe,Bettie_Yost@gmail.com,603.187.0859 x263,Legacy Implementation Technician
9381,Tobin,Maggio,Collin.Ritchie24@gmail.com,1-101-547-4208 x1289,Global Applications Manager
7005,Kristina,Stark,Krista87@gmail.com,316-657-3412,Dynamic Brand Agent
9930,Anahi,Hintz,Ottilie.Bogisich@gmail.com,643.220.3213 x3958,Forward Creative Facilitator
5440,Geovanni,Krajcik,Samantha.Hammes@gmail.com,319.578.4078 x633,Senior Creative Administrator
6281,Chanel,Kihn,Trinity.Hintz@gmail.com,1-348-654-5013 x4892,Corporate Infrastructure Planner
9196,Vinnie,Ziemann,Stephen_Fritsch59@yahoo.com,1-911-046-0537,Dynamic Branding Consultant
9383,Cali,Hamill,Dejon_Bruen@gmail.com,363-779-9937 x1837,Corporate Branding Analyst
2392,Joanie,Hammes,Devan_Reilly@gmail.com,1-608-823-5677 x2167,Legacy Tactics Consultant
4578,Bria,Rau,Kristy24@gmail.com,(595) 843-4656 x4767,Central Optimization Analyst
1366,Evan,Brown,Dayne_Legros@hotmail.com,442.950.3077,Investor Accounts Agent
4548,Arvid,Renner,Demetrius_Davis@hotmail.com,1-102-235-9764 x66627,Central Optimization Executive
9544,Lora,Murray,Tressie.Gislason4@hotmail.com,734.363.7950,Forward Metrics Agent
5115,Junior,McKenzie,Jody_Hills77@gmail.com,079.143.7001 x8218,Customer Integration Director
4233,Queen,Goyette,Mac.Donnelly@hotmail.com,871-179-0037 x449,Dynamic Program Analyst
7240,Nat,Stark,Ettie_Leuschke@gmail.com,1-747-301-7398,Customer Communications Technician
2275,Cleta,Bode,Mattie57@gmail.com,492-252-9417,Dynamic Assurance Supervisor
2657,Terrence,Torphy,Hardy.Fay@gmail.com,(918) 245-2966,Forward Program Strategist
215,Gwendolyn,Schowalter,Ashtyn_Parisian70@gmail.com,1-729-802-4240 x34526,Investor Group Designer
3245,Mary,Funk,Narciso.Howe6@yahoo.com,1-140-110-1126 x9647,Product Configuration Engineer
3277,Harley,Emmerich,Julia_Kulas@yahoo.com,1-159-964-3515,Future Program Coordinator
2049,Manuela,Considine,Donnell_Zemlak@hotmail.com,355-306-3881,Direct Research Administrator
4858,Luz,Lehner,Sophia49@hotmail.com,(577) 970-6951,District Configuration Executive
3532,Hilton,Reichel,Harley.Pouros56@hotmail.com,018-095-2766,Principal Identity Liaison
9026,Tyrel,Rath,Deanna.Rippin@hotmail.com,605.367.7742 x3530,Forward Program Strategist
8136,Montana,Keebler,Berneice55@gmail.com,(813) 482-4751 x3812,Principal Intranet Liaison
3633,Shanel,Franecki,Alfredo18@yahoo.com,641.418.7867 x6010,Forward Implementation Executive
9919,Johnnie,Funk,Lacy80@hotmail.com,(122) 029-5053 x7635,Lead Accountability Administrator
6809,Kennedi,Hayes,Asha.Huel56@gmail.com,1-944-919-5009 x91840,Corporate Security Producer
9554,Terence,Wilkinson,Destany67@gmail.com,1-172-152-5495,Product Intranet Manager
7499,Norval,Schumm,Edmond86@gmail.com,(017) 463-2656,Principal Assurance Planner
9926,Beth,Wunsch,Jamaal.Kohler@gmail.com,1-594-444-3086 x167,Customer Identity Agent
3306,Zelda,Boyle,Madalyn2@gmail.com,1-213-760-1206 x668,Dynamic Metrics Manager
6005,Josefina,Runolfsson,Jaiden52@gmail.com,695.331.0775 x198,National Creative Producer
8408,Hillard,Marvin,Kelly_Rutherford@yahoo.com,201.255.7302,Dynamic Optimization Producer
8637,Pearl,Hauck,Hal1@yahoo.com,1-384-087-1201 x01071,Direct Applications Producer
609,Prince,Hintz,Ayana_Marquardt@hotmail.com,698-590-1059 x53627,Investor Web Executive
8813,Courtney,Adams,Serenity.Tremblay@gmail.com,(892) 052-1017,Chief Integration Administrator
6736,Travon,Hahn,Blanca55@gmail.com,1-284-102-7238 x3359,Senior Quality Associate
2186,Danika,Corkery,Claude8@hotmail.com,(767) 371-7708,Investor Operations Representative
9146,Marcelo,Douglas,Samara6@yahoo.com,1-090-925-3831,Investor Mobility Architect
9384,Dorthy,Huel,Desmond.Armstrong22@yahoo.com,924.618.6842,Legacy Interactions Technician
6309,Hector,Gaylord,Remington.Champlin@hotmail.com,302-822-3557 x23826,Central Operations Facilitator
1172,Maeve,Smith,Rozella_Ebert10@yahoo.com,851.200.7179 x31980,Customer Accountability Assistant
9762,Lawson,Goyette,Beryl_Mante@yahoo.com,1-737-195-4877 x511,Regional Integration Consultant
6706,Kaylah,Hane,Janie89@yahoo.com,980.334.1940,Dynamic Markets Associate
2833,Mavis,Legros,Camille.MacGyver66@gmail.com,1-471-659-8207 x950,Customer Factors Engineer
6217,Gerda,Lakin,Tanner.Welch17@hotmail.com,(663) 606-2374 x48075,Customer Branding Associate
7534,Joany,Reilly,Kaden52@yahoo.com,690.292.0106 x4226,Corporate Marketing Designer
9834,Ethan,Ondricka,Lizeth.Robel@yahoo.com,619-783-4891,Product Program Producer
2492,Katarina,Waelchi,Shawna_Stamm16@yahoo.com,1-397-736-6035 x29453,Product Optimization Executive
7907,Anahi,Gutkowski,Ivy_Bosco@gmail.com,1-307-698-9511,Principal Accountability Supervisor
8870,Brock,Bednar,Daniella.Romaguera@yahoo.com,462.968.3789,Corporate Solutions Executive
2692,Vern,Mueller,Gayle_Wintheiser@gmail.com,(571) 964-8692 x236,Customer Paradigm Supervisor
3083,Kiera,Ledner,Eloy80@gmail.com,597.144.4125 x503,Global Communications Administrator
9234,Aidan,Rohan,Destin_Douglas@hotmail.com,1-333-993-4365,Investor Metrics Manager
251,Ashleigh,White,Rhiannon91@hotmail.com,1-736-256-5379,Principal Markets Developer
608,Alicia,Hahn,Claire_Ryan@yahoo.com,1-736-941-7421 x36436,Dynamic Infrastructure Consultant
5864,Wayne,Koepp,Jaylin.Welch@yahoo.com,(697) 637-0281 x2798,Principal Integration Coordinator
4389,Isai,Bins,Marcellus_Ernser@yahoo.com,1-189-395-3712 x2749,Investor Quality Facilitator
3803,Krystal,Daniel,Jarret_Mante37@hotmail.com,122.411.9660 x758,International Functionality Administrator
6706,Nicole,Waters,Shayne_King36@yahoo.com,510-846-9185 x66073,Future Brand Director
737,Lyda,Waelchi,Ruthe_Toy@hotmail.com,(781) 125-8985,International Operations Planner
5874,Kaylah,Kuhlman,Zion_Ernser46@yahoo.com,183-495-8479 x3526,Human Factors Liaison
5679,Alexis,Ratke,Laila91@yahoo.com,(728) 243-6199,Human Intranet Liaison
4031,Emerald,Murazik,Wilfrid.Barrows@yahoo.com,(167) 342-4529,Forward Branding Orchestrator
8571,Clifford,Murazik,Tod_Schaefer@gmail.com,1-577-301-1571,Internal Security Agent
7050,Bradford,Bergstrom,Hailie66@yahoo.com,853.094.9700,Investor Infrastructure Representative
1396,Adriana,Hyatt,Eduardo.Yost96@hotmail.com,341-361-2878,International Mobility Coordinator
6972,Ellis,Tillman,Trudie89@hotmail.com,565.727.1789,Central Accountability Technician
1972,Cleveland,Lueilwitz,Roselyn_Sauer38@hotmail.com,777.718.4882 x7007,Principal Tactics Supervisor
2615,Wanda,Pollich,Kaitlin_Torphy@hotmail.com,594.453.8966 x60611,Product Usability Specialist
2607,Kali,Bergnaum,Holden.Hartmann@gmail.com,323-541-0645,Legacy Tactics Officer
9896,Glenna,Ritchie,Norris.Weimann93@yahoo.com,302.926.7455,Global Accountability Facilitator
8026,Marlene,Labadie,Jeanette.Hagenes68@hotmail.com,875.373.0209 x507,Legacy Assurance Assistant
3627,Nicholaus,Nolan,Vito70@gmail.com,798-706-4270 x4200,Future Program Analyst
4643,Alexane,Sauer,Lilyan_Sanford@gmail.com,(483) 435-0096 x1174,International Web Analyst
4851,Alysha,Wiza,Joanie15@hotmail.com,689.764.6777,Senior Brand Consultant
2745,Blanca,Brekke,Estell22@hotmail.com,824-977-8028 x27070,Investor Program Engineer
6609,Dedrick,Glover,Hilda_Bauch@hotmail.com,213-770-0434 x857,Regional Directives Supervisor
7867,Jamison,Adams,Vince34@hotmail.com,939-357-5892 x00477,Principal Applications Specialist
1572,Hermina,Boyer,Jo.Tromp16@gmail.com,428-732-3919 x552,Product Creative Producer
1865,Nelson,Keebler,Euna8@yahoo.com,537.792.2863 x54483,Central Tactics Producer
2050,Anya,Ortiz,Clark.Vandervort@gmail.com,1-600-166-2546,Chief Implementation Facilitator
3047,Mekhi,Wilderman,Anita33@gmail.com,798-471-1342,International Security Administrator
6516,Brady,Leuschke,Jamir.Swift99@hotmail.com,108.901.5251 x02326,Central Usability Executive
7541,Presley,Wisozk,Vita24@hotmail.com,(168) 615-5200 x27579,Regional Marketing Facilitator
3357,Michelle,Dietrich,Burdette48@hotmail.com,1-721-769-0435 x8565,Lead Usability Manager
7291,Kole,Witting,Rae50@yahoo.com,(004) 907-5257 x6545,Principal Accounts Manager
5834,Ana,Gottlieb,Sabryna.Parisian@hotmail.com,177.171.1876 x798,International Metrics Coordinator
7312,Adalberto,Ratke,Korey26@yahoo.com,449-982-7860,Dynamic Creative Consultant
9466,Nelle,Emard,Heloise11@yahoo.com,954-981-9104 x446,Lead Intranet Director
2974,Jocelyn,Bergnaum,Curtis72@hotmail.com,1-898-259-0015 x5512,Future Metrics Planner
3238,Kirk,Wuckert,Sabrina.Franecki58@gmail.com,(765) 722-0463,Central Brand Producer
8911,Hillard,Kulas,Mariane46@yahoo.com,615.120.7323 x110,Chief Implementation Designer
7008,Alejandra,Runolfsson,Selena.Runte8@hotmail.com,1-124-454-6320 x254,Forward Security Planner
1417,Meda,Sanford,Marilie85@yahoo.com,805-701-8600,Lead Brand Supervisor
2474,Yvette,Wilderman,Pinkie.Dicki93@yahoo.com,1-349-320-5781 x53173,Forward Infrastructure Consultant
8666,Mae,Lebsack,Nola37@gmail.com,(984) 855-0318 x22135,Direct Directives Supervisor
6401,Elta,Powlowski,Kaela.Quigley@gmail.com,204.709.6563 x30910,Corporate Group Consultant
9704,Annalise,McGlynn,Kyleigh.Goldner@hotmail.com,(619) 536-7377 x273,Principal Applications Supervisor
6152,Lilyan,Ankunding,Neva_Treutel9@hotmail.com,372-850-8045 x863,Lead Solutions Engineer
7913,Margaretta,McKenzie,Candido.Kuhlman@yahoo.com,(999) 101-2431 x530,Lead Infrastructure Facilitator
2725,Astrid,Veum,Milo.Dicki@yahoo.com,960.201.4533,Corporate Directives Liaison
7272,Maggie,McDermott,Amparo_Tromp@yahoo.com,539.573.8083 x11533,Dynamic Usability Associate
1824,Bonita,Ankunding,Monique_Mills46@gmail.com,(598) 945-2020 x52028,Central Functionality Associate
1358,Viva,Yundt,Abelardo.Balistreri84@hotmail.com,(796) 928-0445 x687,Future Implementation Agent
2224,Amie,Kuhic,Wayne.Langosh@hotmail.com,1-840-533-7520 x5212,Global Response Developer
3777,Lauriane,Jenkins,Conner_Collins@gmail.com,1-997-185-1226 x7281,Human Communications Producer
9998,Shania,Daugherty,Marjory.Hahn11@hotmail.com,1-626-818-5239,Corporate Usability Coordinator
7153,Demetrius,Davis,Jamel52@gmail.com,284.925.5438,Corporate Security Developer
3657,Janis,Heidenreich,Rosalind_Herzog@hotmail.com,(378) 518-9776,Lead Group Designer
4361,Green,Schoen,Francesco_Hagenes@yahoo.com,1-629-684-2063 x861,Product Division Agent
3582,Michel,Bartell,Margaretta45@gmail.com,1-223-546-0808 x43598,Central Metrics Agent
3695,Kelsi,Schulist,Devante80@yahoo.com,(304) 959-1724,Investor Implementation Manager
9872,Melisa,Oberbrunner,Otho_Hodkiewicz@gmail.com,163-339-5000 x3609,Product Operations Director
2160,Adelle,Marvin,Telly_Ferry@hotmail.com,(712) 692-9000 x23384,Senior Branding Executive
4554,Eric,Fay,Edmund.Beier48@hotmail.com,898-203-6246 x590,National Directives Producer
5095,Treva,Metz,Erika.Fay21@gmail.com,221-067-2110,Dynamic Functionality Strategist
198,Ivy,Parisian,Loraine38@yahoo.com,1-737-018-2752 x5434,Chief Directives Supervisor
1537,Bailee,Wolf,Braulio_Ritchie63@hotmail.com,104.123.0325 x1681,Investor Optimization Planner
2776,Maddison,Schimmel,Juvenal6@hotmail.com,931-439-0278 x1201,Regional Integration Executive
7769,Camryn,Kuphal,Margarett.Bogan@gmail.com,1-814-402-2351 x72675,Principal Optimization Producer
8462,Hayden,Schowalter,Kennedi_Lynch@hotmail.com,1-242-064-6413 x4032,District Paradigm Assistant
9754,Alexandrine,Wilderman,Carlo_Welch24@gmail.com,894-246-5938,Legacy Identity Technician
5334,Lionel,Gerlach,Hailey3@yahoo.com,412-607-7511 x10030,Internal Assurance Consultant
9328,Daphney,Wolff,Eula_Lang80@yahoo.com,1-117-444-3730 x761,Dynamic Data Developer
2391,Joseph,Pfeffer,Iliana43@hotmail.com,1-060-725-4255 x410,Senior Creative Architect
5334,Colt,Schowalter,Declan_Johnson81@yahoo.com,425.660.6464,Lead Security Assistant
1380,Briana,Becker,Natalie_MacGyver19@hotmail.com,(310) 259-8848,Customer Research Director
9439,Britney,Boehm,Brad_Fadel@hotmail.com,174-374-7944 x96535,Central Response Facilitator
615,Oleta,Lindgren,Warren_Homenick@yahoo.com,589.396.8003,Senior Response Developer
4466,Wava,Terry,Stanford.Hartmann@hotmail.com,(817) 776-9303 x9763,Regional Infrastructure Orchestrator
7442,Lue,Macejkovic,Brenna.Stamm@hotmail.com,519-268-6389 x358,Direct Identity Manager
3970,Jimmie,Gottlieb,Cecilia_Price19@hotmail.com,1-517-674-0656 x16706,Future Accountability Representative
9670,Carmel,Powlowski,Braeden54@hotmail.com,(923) 848-2864,Human Solutions Strategist
3386,Lelia,Kemmer,Erik66@yahoo.com,352.435.0069,Investor Factors Consultant
1714,Gilbert,Towne,Josiane_Kub42@yahoo.com,991-125-1151,Product Markets Facilitator
649,Sonia,Huel,Jedidiah_Brown4@gmail.com,(488) 360-2942 x054,Central Metrics Consultant
9945,Lexie,Koch,Brooks40@hotmail.com,360.366.8869,Legacy Tactics Representative
4889,Ellsworth,Kub,Austin_Ratke@gmail.com,491-203-6582 x4528,Internal Communications Strategist
4084,Dashawn,Torphy,Leonora14@gmail.com,1-326-858-2501 x66544,Human Functionality Planner
1413,Lavada,Lockman,Kenna29@gmail.com,1-842-285-7641 x5430,International Program Analyst
3077,Royal,Lesch,Yesenia.Daugherty@hotmail.com,576-088-8721 x494,Central Accounts Director
8159,Wava,Hoeger,Ludwig54@hotmail.com,769-366-1851,Dynamic Tactics Assistant
9530,Emilio,Hackett,Florian68@hotmail.com,028.398.5268,Human Optimization Manager
1951,Brad,Orn,Tremayne_Jenkins9@yahoo.com,938-166-2554,Legacy Response Liaison
6351,Solon,Braun,Joannie21@hotmail.com,1-577-891-3062,District Functionality Strategist
1063,Charlie,Bernhard,Samanta.Schumm70@hotmail.com,452.950.3340,Product Research Producer
4290,Era,Goldner,Hadley.Jast63@yahoo.com,1-896-459-3530 x18372,Customer Factors Supervisor
8335,Alden,Ferry,Akeem_Veum14@hotmail.com,206.971.9584 x9131,Legacy Configuration Producer
7858,Nicholaus,Hills,Kurt_MacGyver4@hotmail.com,708-540-0108 x21117,Investor Accounts Director
8167,Lenore,Witting,Amelia92@hotmail.com,072-011-4286 x0734,Product Applications Planner
7691,Marcus,Schroeder,Freda10@hotmail.com,732.495.8207 x819,Product Assurance Manager
7597,Deshawn,Gutmann,Anissa85@yahoo.com,(254) 787-6339 x542,Regional Functionality Planner
6194,Britney,Rath,Chesley.Morissette@yahoo.com,1-277-309-4533 x458,Investor Communications Orchestrator
4983,Hulda,Blanda,Estella42@yahoo.com,1-631-851-8996 x06247,Product Metrics Analyst
5652,Nolan,Daugherty,Twila_Yost66@yahoo.com,472.813.0026 x037,Corporate Data Producer
7494,Seamus,McDermott,Moses.Baumbach@yahoo.com,916-850-2862,Investor Solutions Coordinator
1341,Leanna,Mills,Kevin.Hegmann8@hotmail.com,740-894-7055,Product Data Agent
7740,Mossie,Torphy,Harvey_Wunsch58@yahoo.com,644-590-1632,Central Infrastructure Analyst
5232,Candelario,Boyle,Domenic.Stanton55@yahoo.com,(357) 054-6458 x4083,Direct Metrics Engineer
9196,Talia,Greenfelder,Sophia.Kohler54@gmail.com,1-388-487-1309 x3947,Investor Group Architect
7517,Savanna,Lindgren,Dorris.Lind80@yahoo.com,(119) 811-5794,International Tactics Assistant
4062,Camila,Rogahn,Rosa_Kuhlman@gmail.com,1-601-306-0344 x9951,Regional Markets Orchestrator
4514,Anibal,Bernhard,Gudrun_Carroll94@hotmail.com,108.325.6117 x88507,Dynamic Mobility Executive
9800,Audrey,Robel,Brandy.Dickens@yahoo.com,1-620-197-4987 x3079,Chief Group Coordinator
8676,Wendy,Rohan,Loma_McDermott@gmail.com,613-108-3070,National Interactions Technician
9759,Joey,Wyman,Tyler74@yahoo.com,(192) 200-5311 x2246,Product Infrastructure Specialist
3226,Nicole,Kuvalis,Chelsey.McKenzie63@hotmail.com,999-897-7974,Global Applications Representative
4235,Lazaro,Runolfsson,Arnaldo_Breitenberg@gmail.com,(570) 714-1982 x462,Lead Research Engineer
7196,Lloyd,Thiel,Deja.Oberbrunner51@hotmail.com,1-897-074-8204 x34475,Customer Security Liaison
52,Makenzie,Koelpin,Frank_Corwin10@hotmail.com,008.864.5038 x3411,Chief Program Assistant
1820,Einar,Grant,Burley39@yahoo.com,(411) 774-1757,Direct Configuration Officer
5253,Gideon,Becker,Pink9@yahoo.com,755-524-9027 x44800,Dynamic Mobility Engineer
4608,Jacinthe,Hettinger,Myrl.Jacobi60@gmail.com,(419) 083-8861,Dynamic Optimization Engineer
1777,Kay,Stroman,Zander13@gmail.com,(928) 962-3959 x62137,Global Implementation Planner
395,Mya,Quigley,Etha_Lakin@gmail.com,210-052-9936,Regional Tactics Consultant
9416,Dina,Rempel,Chris60@gmail.com,919.871.7003,Dynamic Accounts Liaison
6813,Larissa,Lockman,Holden30@yahoo.com,1-999-285-3693 x171,National Tactics Consultant
2153,Lexus,Runte,Amani.Gerhold34@yahoo.com,629-863-5989,Dynamic Implementation Planner
1626,Makenzie,Hirthe,Jermaine16@gmail.com,338.492.1582 x46751,Chief Creative Officer
4704,Tyreek,Berge,Gregory.Streich@hotmail.com,649-541-2817 x06859,Future Communications Executive
6218,Nia,Blick,Emilie_Stamm@hotmail.com,835-605-4090,Senior Accountability Engineer
3618,Andre,Wyman,Daisy.Harber@gmail.com,490-680-7669 x4877,Product Infrastructure Orchestrator
882,Amina,Gerhold,Harry.Gorczany@hotmail.com,(836) 240-6304 x365,Investor Directives Officer
3432,Ines,Dietrich,Joyce.Kerluke15@gmail.com,151-661-1895,District Implementation Supervisor
2349,Werner,Kutch,Katherine.Howe61@gmail.com,217-687-3177 x541,Internal Interactions Planner
9664,Alison,Kessler,Mattie.Kris86@gmail.com,488-379-6037,Direct Metrics Manager
924,Alexzander,Fritsch,Elna14@gmail.com,1-009-857-3670 x466,Lead Interactions Officer
7095,Declan,Bailey,Camren84@hotmail.com,1-235-916-4976,Forward Mobility Director
4984,Precious,Wilderman,Dalton.Rutherford@yahoo.com,(280) 618-2534 x95160,Customer Web Engineer
799,Thad,Hirthe,Giuseppe_McGlynn78@yahoo.com,773.172.2103,Direct Accountability Director
9803,Lorenzo,Goldner,Webster56@hotmail.com,680-765-6910 x9036,Customer Program Architect
1388,Vella,Wunsch,Hunter33@yahoo.com,1-715-565-8751 x48654,National Infrastructure Engineer
6064,Jules,Rath,Devonte.Yundt92@yahoo.com,(675) 762-5541,Central Assurance Coordinator
1792,Zander,Harvey,Keshaun_Brekke64@gmail.com,(482) 201-2008,Product Markets Associate
2796,Vallie,Howell,Corbin.Durgan40@yahoo.com,1-810-235-8427,Human Assurance Coordinator
938,Natalia,Hamill,Bianka.Legros@gmail.com,1-856-913-4515,Internal Program Orchestrator
985,Ladarius,Turner,Mellie1@hotmail.com,1-764-775-5504,Investor Operations Administrator
2863,Rudy,Schmidt,Ardith.Koss@yahoo.com,(492) 926-4230,National Factors Analyst
1450,Velda,Schoen,Waylon3@gmail.com,757-036-4273,International Infrastructure Director
5186,Alverta,Hahn,Jameson83@hotmail.com,150.436.3585 x54233,National Factors Representative
6067,Leland,Bernhard,Destiney_Weber6@hotmail.com,(421) 080-9111,Future Quality Executive
5223,Brandon,Cassin,Dangelo85@yahoo.com,1-535-001-6827 x39404,Principal Marketing Designer
6600,Sim,Stamm,Angelina_Gaylord@hotmail.com,(023) 120-6709 x35920,Internal Accounts Assistant
8325,Marilyne,Senger,Breanna_Stokes@gmail.com,291-330-6141,Customer Web Consultant
5238,Rhea,Sporer,Hobart4@yahoo.com,1-102-413-9943,Dynamic Identity Facilitator
4571,Else,Goodwin,Garfield.Rolfson2@yahoo.com,390-406-5956 x032,Central Web Liaison
723,Beau,Gerlach,Antonio.Dach@yahoo.com,1-598-092-0022,Legacy Group Director
1891,Kaylin,Moore,Charlene.Carter@gmail.com,(346) 921-0898 x898,Legacy Program Consultant
2026,Joey,Carter,Abagail.Strosin81@yahoo.com,1-057-687-7845 x0058,Human Factors Producer
9421,Magdalen,Cole,Ewell.Tillman@hotmail.com,1-565-649-6047 x4639,Customer Communications Consultant
4728,Onie,Schaefer,Anthony.Balistreri@hotmail.com,472-961-4399,Corporate Security Director
5804,Hertha,Hahn,Luigi.Anderson79@yahoo.com,(717) 784-1282 x64006,Product Creative Technician
4410,Theo,Braun,Daren.Cartwright85@gmail.com,546-856-5510 x43714,International Branding Officer
4666,Lucious,Armstrong,Salvatore_Bergstrom63@hotmail.com,048.646.4232 x9654,Human Group Consultant
2380,Keon,Brekke,Cooper_Watsica@yahoo.com,160-066-9100 x1843,Corporate Brand Consultant
833,Emil,Greenholt,Hildegard71@yahoo.com,392-491-7039 x835,Principal Group Liaison
8218,Devante,Prohaska,Jena.Ryan@hotmail.com,(823) 013-7335 x96485,Internal Paradigm Technician
5223,Creola,Heller,Icie26@yahoo.com,169-918-0112 x5380,Legacy Assurance Developer
8188,Rico,Von,Santiago91@hotmail.com,(619) 020-6530 x33050,District Integration Specialist
3177,Merritt,Baumbach,Elouise.Buckridge@hotmail.com,702-748-8801 x24967,Dynamic Research Architect
6617,Elmo,Wisoky,Laurel12@yahoo.com,1-249-697-1422 x74639,Customer Communications Engineer
2717,Hillard,Sporer,Ike.Lang@hotmail.com,434.002.3109 x98243,Customer Integration Consultant
1268,Dahlia,Gaylord,Ralph_Halvorson@gmail.com,419-214-1514,Lead Branding Technician
4755,Zackery,Spencer,Ivory50@yahoo.com,520.968.3112 x493,Customer Group Associate
9655,Ryder,Bergstrom,Quentin_McLaughlin@hotmail.com,459.121.4459,Global Applications Representative
1592,Darien,Gerhold,Leann_Lemke@yahoo.com,580.139.2482,Investor Group Associate
5800,Axel,Krajcik,Ellen_Christiansen@hotmail.com,523-882-3249,Lead Intranet Liaison
2728,Emery,Berge,Joan.Rempel@yahoo.com,917.789.7213 x0950,Investor Applications Administrator
1396,Bernardo,Brakus,Emilio_Marquardt@hotmail.com,661.398.2942,Regional Response Supervisor
8365,Taylor,Schamberger,Deja.Braun38@gmail.com,834-132-4246 x82789,Global Metrics Officer
9750,Dominic,Bradtke,Adam.Satterfield@gmail.com,040.794.4977 x030,District Response Administrator
4348,Camryn,Hermiston,Leann85@gmail.com,028-064-2774 x0175,Dynamic Usability Associate
5101,Tiffany,Ortiz,Hertha_Kuhic@hotmail.com,(603) 260-5521 x1169,Forward Research Designer
479,Darby,Lehner,Irma_Langworth63@hotmail.com,983-932-9020,Future Applications Facilitator
1928,Caden,Bruen,Aliya_Bosco@gmail.com,089.775.7608 x7472,Direct Usability Administrator
9498,Kailey,Ritchie,Lisa.Grimes25@gmail.com,309.270.6527,Internal Security Engineer
2831,Penelope,Wunsch,Assunta19@hotmail.com,1-103-030-0585,Regional Identity Director
1783,Miles,Murray,Milford82@gmail.com,(876) 828-3356 x1597,Chief Functionality Engineer
5325,Drew,Rice,Jesse_Ortiz@gmail.com,782.942.3475 x711,Dynamic Markets Administrator
865,Vicente,Willms,Delbert_Heathcote@hotmail.com,325.958.8492 x513,Dynamic Mobility Technician
4289,Bessie,Turner,Kamryn.Davis@gmail.com,1-031-396-4692,National Response Analyst
460,Otilia,Carroll,Emma.McKenzie@gmail.com,147.816.7581 x5421,Central Interactions Designer
6047,Joan,Hyatt,Rosemarie47@gmail.com,1-065-925-4013,Internal Assurance Developer
9699,Sigmund,Purdy,Laurence_Stiedemann72@yahoo.com,1-227-021-4050,National Applications Strategist
7653,Bridget,Pagac,Jasen_Williamson80@gmail.com,(460) 432-4324,Future Infrastructure Orchestrator
8523,Johnnie,Graham,Era.Labadie@yahoo.com,(132) 896-5690 x530,Senior Group Engineer
8581,Tracey,Konopelski,Reese.Leffler@yahoo.com,107-432-2246 x092,Principal Quality Supervisor
6398,Dorcas,Jast,Orville.Cummings45@hotmail.com,903.249.1573,National Quality Representative
1153,Noemy,Kessler,Denis_Lynch@yahoo.com,436.055.1854 x0428,Global Operations Associate
2395,Jewel,Bartell,Horace_Becker52@gmail.com,093.042.1311,Lead Branding Administrator
9098,Warren,Farrell,Nico89@hotmail.com,1-801-346-0516 x56250,Forward Program Coordinator
3677,Florida,Crist,Barry_Daugherty56@yahoo.com,1-850-743-5353 x889,Global Intranet Consultant
1076,Dorcas,Rosenbaum,Hellen.Stroman3@hotmail.com,1-532-611-7702 x09697,International Directives Administrator
1608,Fay,Rath,Eleanora68@gmail.com,1-582-550-0387,Legacy Accountability Officer
6827,Cletus,McDermott,Prudence27@gmail.com,1-810-672-0275 x868,Lead Directives Director
4817,Lora,Anderson,Collin71@yahoo.com,(848) 066-5681 x697,Investor Integration Facilitator
565,Alvina,Dare,Collin97@gmail.com,682.106.5757 x9857,Principal Intranet Strategist
5802,Fermin,Kuhic,Adolph.Shanahan4@yahoo.com,007.653.4524,Investor Quality Designer
7498,Esperanza,Hilll,Torey_Kozey20@yahoo.com,(067) 360-1201,Internal Brand Director
8113,Everardo,Wolff,Rodrigo79@yahoo.com,(159) 150-0287 x4131,Forward Accounts Executive
140,Lelah,Harber,Alexys63@yahoo.com,1-177-975-6674,Corporate Metrics Administrator
6142,Dion,Beatty,Polly7@yahoo.com,1-947-912-3955 x4933,National Branding Engineer
1159,Melody,Pagac,Jules_Conn94@yahoo.com,580.645.0181 x77660,Regional Metrics Producer
4814,Candice,Keebler,Joyce.Stiedemann@yahoo.com,983.106.2238,Global Tactics Liaison
2316,Van,Windler,Monte.Kunde@yahoo.com,119-955-2468 x51128,Corporate Intranet Consultant
1939,Bernita,Sanford,Shanel46@gmail.com,417-766-9101,Human Response Agent
1863,Christina,Nolan,Ofelia18@yahoo.com,266.551.0254,Direct Identity Agent
5113,Oral,Kovacek,Art_Hirthe@hotmail.com,(512) 350-3045 x340,Corporate Markets Coordinator
1806,Alfredo,Moen,Malinda_Ondricka5@yahoo.com,(580) 751-1351 x02344,Lead Communications Producer
5097,Aliza,O'Connell,Giovanni.Prohaska2@hotmail.com,(897) 872-2415,Dynamic Metrics Technician
9293,Sherman,Medhurst,Kayley43@hotmail.com,1-140-256-5286 x9638,Corporate Division Architect
7008,Hobart,Smith,Lacey_Leffler@gmail.com,328-553-8851 x810,Global Metrics Architect
5513,Melyna,Jacobi,Phoebe.Moore54@yahoo.com,221.148.4540,Dynamic Identity Technician
5130,Kylie,Bergstrom,Myra.Mills@hotmail.com,339.792.3141 x09218,Investor Metrics Manager
4766,Zion,Howe,Bethel_Trantow@hotmail.com,(608) 613-9208 x324,Direct Integration Coordinator
1809,Derek,Stark,Granville_Kreiger@hotmail.com,1-096-630-5166,Regional Configuration Liaison
2216,Isabella,Jerde,Chaz_Carroll@yahoo.com,1-041-223-5885,District Data Architect
873,Linwood,Abbott,Odie38@yahoo.com,1-367-084-4087,Forward Mobility Supervisor
9960,Mariano,Gulgowski,Jamar28@hotmail.com,(230) 227-2795,Central Interactions Strategist
7692,Maxime,Ledner,Daron_Wolff@hotmail.com,1-957-087-4873 x82041,Regional Intranet Manager
7005,Stacy,Kirlin,Talon.Nienow30@gmail.com,238-270-0834 x30085,Dynamic Accounts Administrator
7109,Tristin,Stoltenberg,Diana63@gmail.com,(611) 967-7317,Future Assurance Supervisor
565,Ima,Mueller,Jamaal.Langworth19@gmail.com,(578) 614-5691 x75788,Legacy Security Assistant
7162,Josh,Dare,Ruthe87@hotmail.com,050-166-2856 x7654,Human Operations Designer
9864,Estevan,O'Conner,Cicero14@hotmail.com,1-376-634-1508 x168,Dynamic Optimization Analyst
7449,Shawn,Weber,Angel77@yahoo.com,284.518.0679 x28045,Customer Accounts Officer
7902,Alex,Thiel,Zaria58@yahoo.com,009.744.9275 x629,Global Infrastructure Director
9149,Sydnie,Lockman,Ambrose.Mosciski35@hotmail.com,(249) 477-6665 x8264,District Interactions Coordinator
5080,Rodolfo,Anderson,Zachery_Murazik@yahoo.com,005-564-0707 x77632,Senior Identity Executive
6177,Madeline,Hegmann,Mitchell_Wolf@gmail.com,016.284.9448 x4106,Regional Mobility Executive
4865,Justen,Ratke,Major.Rutherford@yahoo.com,(624) 837-9172 x0119,Future Branding Director
3022,Gina,Stehr,Elenora.Purdy@gmail.com,128.169.1071 x181,Human Paradigm Officer
7369,Lane,Haag,Keyon_Swift74@yahoo.com,1-188-246-6489,Dynamic Functionality Technician
9165,Linnea,Stamm,David_Corkery@hotmail.com,894.436.7677,Internal Creative Analyst
9162,Rodolfo,Bahringer,Esperanza_Mertz@gmail.com,360-637-2981 x28362,Corporate Operations Engineer
9508,Jovanny,Hickle,Roselyn_Hauck80@yahoo.com,756-419-7002 x693,Internal Branding Technician
5713,Retta,Champlin,Kareem32@yahoo.com,(472) 181-9105,Corporate Solutions Facilitator
8156,Gonzalo,Schowalter,Tessie.Rolfson21@gmail.com,608-172-7123 x98719,Corporate Web Architect
5079,Donnell,Jones,Ladarius54@gmail.com,(099) 246-6270,Central Metrics Executive
9223,Karianne,West,Theo.Gusikowski81@hotmail.com,903-897-2735 x306,Chief Accountability Producer
6311,Gabriel,Langworth,Shanon88@gmail.com,1-435-358-8889,Global Security Architect
6537,Selmer,Ledner,Annabel21@gmail.com,003.182.9982 x345,Internal Security Orchestrator
2726,Makayla,Deckow,Pietro.Kemmer@gmail.com,(025) 517-7356 x04845,Chief Factors Liaison
7440,Aryanna,Jerde,Damien24@yahoo.com,101.399.1235,Lead Metrics Executive
1035,Blair,Schmeler,Mac49@gmail.com,1-068-669-7702 x756,Corporate Program Designer
7217,Golden,Schinner,Molly.Jenkins@yahoo.com,028-545-1957,Forward Solutions Developer
2400,Houston,Runolfsson,Ellis.Ebert@hotmail.com,067.429.6352,Senior Program Coordinator
1034,Ottis,O'Kon,Joe.Kshlerin77@gmail.com,(871) 823-1319 x72498,Dynamic Data Developer
6137,Nelson,Reinger,Avery.Fahey52@gmail.com,1-993-850-3259,Dynamic Integration Executive
1109,Alvis,Farrell,Jammie_Hayes@hotmail.com,(197) 953-8125 x36221,Product Usability Coordinator
9883,Albin,Tillman,Jaycee21@gmail.com,1-480-599-7349,Lead Tactics Consultant
9897,Zechariah,Braun,Chadd_Windler@yahoo.com,091-656-2074,Product Security Coordinator
6403,Cory,Steuber,Vella82@yahoo.com,895.431.7945 x52095,Dynamic Mobility Architect
9221,Francis,Waters,Graciela8@gmail.com,1-794-647-6915 x6917,Direct Branding Representative
5412,Rahsaan,Cruickshank,Marlen.McLaughlin79@hotmail.com,124.455.0418,Central Applications Strategist
6914,Darby,Jerde,Brant25@gmail.com,617.060.0036,International Directives Agent
1145,Nyah,Spencer,Shawn23@hotmail.com,516-146-8647 x22477,Future Accountability Engineer
4525,Serena,Feil,Bell_Goyette1@gmail.com,(636) 183-4605,Chief Program Producer
5490,Erika,Wilderman,Elroy.Rolfson@gmail.com,1-426-559-6652 x94139,Lead Integration Representative
5848,Marie,Jerde,Joanne90@gmail.com,571.598.0475 x8802,Dynamic Functionality Representative
5090,Franco,Considine,Virginia30@gmail.com,643-516-4807,Human Interactions Administrator
